#
# There is insufficient memory for the Java Runtime Environment to continue.
# Native memory allocation (malloc) failed to allocate 1167696 bytes. Error detail: Chunk::new
# Possible reasons:
#   The system is out of physical RAM or swap space
#   This process is running with CompressedOops enabled, and the Java Heap may be blocking the growth of the native heap
# Possible solutions:
#   Reduce memory load on the system
#   Increase physical memory or swap space
#   Check if swap backing store is full
#   Decrease Java heap size (-Xmx/-Xms)
#   Decrease number of Java threads
#   Decrease Java thread stack sizes (-Xss)
#   Set larger code cache with -XX:ReservedCodeCacheSize=
#   JVM is running with Zero Based Compressed Oops mode in which the Java heap is
#     placed in the first 32GB address space. The Java Heap base address is the
#     maximum limit for the native heap growth. Please use -XX:HeapBaseMinAddress
#     to set the Java Heap base and to place the Java Heap above 32GB virtual address.
# This output file may be truncated or incomplete.
#
#  Out of Memory Error (arena.cpp:168), pid=25748, tid=19700
#
# JRE version: OpenJDK Runtime Environment (21.0.8) (build 21.0.8+-14196175-b1038.72)
# Java VM: OpenJDK 64-Bit Server VM (21.0.8+-14196175-b1038.72, mixed mode, tiered, compressed oops, compressed class ptrs, g1 gc, windows-amd64)
# No core dump will be written. Minidumps are not enabled by default on client versions of Windows
#

---------------  S U M M A R Y ------------

Command Line: --add-opens=java.base/java.lang=ALL-UNNAMED --add-opens=java.base/java.lang.invoke=ALL-UNNAMED --add-opens=java.base/java.util=ALL-UNNAMED --add-opens=java.prefs/java.util.prefs=ALL-UNNAMED --add-exports=jdk.compiler/com.sun.tools.javac.api=ALL-UNNAMED --add-exports=jdk.compiler/com.sun.tools.javac.util=ALL-UNNAMED --add-opens=java.base/java.util=ALL-UNNAMED --add-opens=java.prefs/java.util.prefs=ALL-UNNAMED --add-opens=java.base/java.nio.charset=ALL-UNNAMED --add-opens=java.base/java.net=ALL-UNNAMED --add-opens=java.base/java.util.concurrent.atomic=ALL-UNNAMED --add-opens=java.xml/javax.xml.namespace=ALL-UNNAMED -Xmx4096M -Dfile.encoding=UTF-8 -Duser.country=US -Duser.language=en -Duser.variant -javaagent:D:\dev\.gradle\caches\wrapper\dists\gradle-8.14.3-bin\cv11ve7ro1n3o1j4so8xd9n66\gradle-8.14.3\lib\agents\gradle-instrumentation-agent-8.14.3.jar org.gradle.launcher.daemon.bootstrap.GradleDaemon 8.14.3

Host: Intel(R) Core(TM) i7-9750H CPU @ 2.60GHz, 12 cores, 15G,  Windows 11 , 64 bit Build 26100 (10.0.26100.7019)
Time: Mon Dec  8 21:49:13 2025 FLE Standard Time elapsed time: 494.451314 seconds (0d 0h 8m 14s)

---------------  T H R E A D  ---------------

Current thread (0x00000258e46bebd0):  JavaThread "C2 CompilerThread0" daemon [_thread_in_native, id=19700, stack(0x0000009556900000,0x0000009556a00000) (1024K)]


Current CompileTask:
C2:494451 35393       4       org.gradle.internal.snapshot.impl.DirectorySnapshotter$PathVisitor::snapshotFile (216 bytes)

Stack: [0x0000009556900000,0x0000009556a00000]
Native frames: (J=compiled Java code, j=interpreted, Vv=VM code, C=native code)
V  [jvm.dll+0x6d68d9]
V  [jvm.dll+0x866693]
V  [jvm.dll+0x868c4e]
V  [jvm.dll+0x869333]
V  [jvm.dll+0x280566]
V  [jvm.dll+0xc07cd]
V  [jvm.dll+0xc0d03]
V  [jvm.dll+0x3b95e1]
V  [jvm.dll+0x385507]
V  [jvm.dll+0x38497a]
V  [jvm.dll+0x249252]
V  [jvm.dll+0x248821]
V  [jvm.dll+0x1c73a4]
V  [jvm.dll+0x257f9e]
V  [jvm.dll+0x2564e6]
V  [jvm.dll+0x3f4696]
V  [jvm.dll+0x80eac8]
V  [jvm.dll+0x6d512d]
C  [ucrtbase.dll+0x37b0]
C  [KERNEL32.DLL+0x2e8d7]
C  [ntdll.dll+0x8c53c]


---------------  P R O C E S S  ---------------

Threads class SMR info:
_java_thread_list=0x00000258f004fe60, length=166, elements={
0x00000258c7cb8430, 0x00000258e4662130, 0x00000258e4682ea0, 0x00000258e468bf10,
0x00000258e46a64b0, 0x00000258e46a6f10, 0x00000258e46a86f0, 0x00000258e4691550,
0x00000258e46bebd0, 0x00000258e46e1e30, 0x00000258e4690830, 0x00000258e4690ec0,
0x00000258e468edf0, 0x00000258e4691be0, 0x00000258e46901a0, 0x00000258eabbe510,
0x00000258eabbd160, 0x00000258eabbc440, 0x00000258eabbbdb0, 0x00000258eabbb090,
0x00000258eabbd7f0, 0x00000258eabbeba0, 0x00000258eabbcad0, 0x00000258eabbde80,
0x00000258eabbf230, 0x00000258eabc1990, 0x00000258eabbf8c0, 0x00000258eabc2020,
0x00000258eabc05e0, 0x00000258eabbff50, 0x00000258eabc26b0, 0x00000258eabc1300,
0x00000258eabc0c70, 0x00000258e4692270, 0x00000258e468fb10, 0x00000258e9d12220,
0x00000258e9d135d0, 0x00000258e9d13c60, 0x00000258e9d142f0, 0x00000258e9d15010,
0x00000258e9d163c0, 0x00000258e9d12f40, 0x00000258e9d14980, 0x00000258e9d18490,
0x00000258e9d170e0, 0x00000258e9d19840, 0x00000258e9d17770, 0x00000258ecff7790,
0x00000258ecff84b0, 0x00000258ecff56c0, 0x00000258ecff5030, 0x00000258ecff63e0,
0x00000258ecff6a70, 0x00000258e9d16a50, 0x00000258e9d17e00, 0x00000258ee2e8140,
0x00000258ee2e6d90, 0x00000258ee2e6700, 0x00000258ee2e5350, 0x00000258ee2e87d0,
0x00000258ee2e7420, 0x00000258ee2e7ab0, 0x00000258ee2e59e0, 0x00000258ee2e8e60,
0x00000258ee2e94f0, 0x00000258ee2ea210, 0x00000258ee2ec2e0, 0x00000258ee2eaf30,
0x00000258ecff7e20, 0x00000258ecff5d50, 0x00000258ef902eb0, 0x00000258eccd7c20,
0x00000258eccd61e0, 0x00000258eccd6870, 0x00000258eccd5b50, 0x00000258eccd54c0,
0x00000258eccd6f00, 0x00000258eccd4e30, 0x00000258eccdbdc0, 0x00000258eccdb730,
0x00000258eccdc450, 0x00000258eccda380, 0x00000258eccd8fd0, 0x00000258eccd9660,
0x00000258eccd9cf0, 0x00000258eccdaa10, 0x00000258e968c490, 0x00000258e968aa50,
0x00000258e968b0e0, 0x00000258e968d1b0, 0x00000258e9689d30, 0x00000258e968a3c0,
0x00000258e968ded0, 0x00000258e968e560, 0x00000258e968f280, 0x00000258e968cb20,
0x00000258e968be00, 0x00000258e968d840, 0x00000258e968f910, 0x00000258e9690cc0,
0x00000258e968ebf0, 0x00000258e9691350, 0x00000258e968ffa0, 0x00000258f1ba73d0,
0x00000258f1baa1c0, 0x00000258f1ba8780, 0x00000258f1ba94a0, 0x00000258f1ba80f0,
0x00000258f1ba6d40, 0x00000258f1baa850, 0x00000258f1baaee0, 0x00000258f1ba7a60,
0x00000258f1babc00, 0x00000258f1bab570, 0x00000258f1ba5990, 0x00000258f1ba2ba0,
0x00000258f1ba8e10, 0x00000258f1ba66b0, 0x00000258f1bac290, 0x00000258f1badcd0,
0x00000258f1bac920, 0x00000258f1bae360, 0x00000258f1bae9f0, 0x00000258f1bacfb0,
0x00000258f1bad640, 0x0000025884ac2d60, 0x0000025884ac33f0, 0x0000025884ac3a80,
0x0000025884ac4110, 0x00000258ef8f8df0, 0x00000258ef8fa1a0, 0x00000258ef8f9480,
0x00000258ef8f9b10, 0x00000258ef8fa830, 0x00000258ef8f73b0, 0x00000258ef8f7a40,
0x00000258ef8f80d0, 0x00000258ef8f8760, 0x00000258845b34f0, 0x00000258845b0d90,
0x00000258845b1420, 0x00000258ef530f30, 0x00000258f02df660, 0x00000258f1ba38c0,
0x0000025885bf7870, 0x0000025885bf71e0, 0x0000025885bf6b50, 0x0000025885bf64c0,
0x0000025885b93a90, 0x0000025885b926e0, 0x0000025885b94120, 0x0000025885b92050,
0x0000025885b92d70, 0x0000025885b947b0, 0x0000025885b94e40, 0x0000025885c74340,
0x0000025885c72f90, 0x0000025885c73620, 0x0000025885c72270, 0x0000025885c749d0,
0x0000025885c75060, 0x0000025885c756f0, 0x0000025885c72900, 0x0000025885c73cb0,
0x00000258f00e7050, 0x00000258f1ba6020
}

Java Threads: ( => current thread )
  0x00000258c7cb8430 JavaThread "main"                              [_thread_blocked, id=28960, stack(0x0000009555a00000,0x0000009555b00000) (1024K)]
  0x00000258e4662130 JavaThread "Common-Cleaner"             daemon [_thread_blocked, id=24468, stack(0x0000009556200000,0x0000009556300000) (1024K)]
  0x00000258e4682ea0 JavaThread "Reference Handler"          daemon [_thread_blocked, id=7924, stack(0x0000009556300000,0x0000009556400000) (1024K)]
  0x00000258e468bf10 JavaThread "Finalizer"                  daemon [_thread_blocked, id=15344, stack(0x0000009556400000,0x0000009556500000) (1024K)]
  0x00000258e46a64b0 JavaThread "Signal Dispatcher"          daemon [_thread_blocked, id=24204, stack(0x0000009556500000,0x0000009556600000) (1024K)]
  0x00000258e46a6f10 JavaThread "Attach Listener"            daemon [_thread_blocked, id=15256, stack(0x0000009556600000,0x0000009556700000) (1024K)]
  0x00000258e46a86f0 JavaThread "Service Thread"             daemon [_thread_blocked, id=30968, stack(0x0000009556700000,0x0000009556800000) (1024K)]
  0x00000258e4691550 JavaThread "Monitor Deflation Thread"   daemon [_thread_blocked, id=26988, stack(0x0000009556800000,0x0000009556900000) (1024K)]
=>0x00000258e46bebd0 JavaThread "C2 CompilerThread0"         daemon [_thread_in_native, id=19700, stack(0x0000009556900000,0x0000009556a00000) (1024K)]
  0x00000258e46e1e30 JavaThread "C1 CompilerThread0"         daemon [_thread_blocked, id=11152, stack(0x0000009556a00000,0x0000009556b00000) (1024K)]
  0x00000258e4690830 JavaThread "Notification Thread"        daemon [_thread_blocked, id=12072, stack(0x0000009556b00000,0x0000009556c00000) (1024K)]
  0x00000258e4690ec0 JavaThread "Daemon health stats"               [_thread_blocked, id=29340, stack(0x0000009557300000,0x0000009557400000) (1024K)]
  0x00000258e468edf0 JavaThread "Incoming local TCP Connector on port 14102"        [_thread_in_native, id=31288, stack(0x0000009557400000,0x0000009557500000) (1024K)]
  0x00000258e4691be0 JavaThread "Daemon periodic checks"            [_thread_blocked, id=11792, stack(0x0000009557500000,0x0000009557600000) (1024K)]
  0x00000258e46901a0 JavaThread "Daemon"                            [_thread_blocked, id=16736, stack(0x0000009557600000,0x0000009557700000) (1024K)]
  0x00000258eabbe510 JavaThread "Handler for socket connection from /127.0.0.1:14102 to /127.0.0.1:14103"        [_thread_in_native, id=11732, stack(0x0000009557700000,0x0000009557800000) (1024K)]
  0x00000258eabbd160 JavaThread "Cancel handler"                    [_thread_blocked, id=11652, stack(0x0000009557800000,0x0000009557900000) (1024K)]
  0x00000258eabbc440 JavaThread "Daemon worker"                     [_thread_in_native, id=17808, stack(0x0000009557900000,0x0000009557a00000) (1024K)]
  0x00000258eabbbdb0 JavaThread "Asynchronous log dispatcher for DefaultDaemonConnection: socket connection from /127.0.0.1:14102 to /127.0.0.1:14103"        [_thread_blocked, id=4540, stack(0x0000009557a00000,0x0000009557b00000) (1024K)]
  0x00000258eabbb090 JavaThread "Stdin handler"                     [_thread_blocked, id=32236, stack(0x0000009557b00000,0x0000009557c00000) (1024K)]
  0x00000258eabbd7f0 JavaThread "Daemon client event forwarder"        [_thread_blocked, id=11864, stack(0x0000009557c00000,0x0000009557d00000) (1024K)]
  0x00000258eabbeba0 JavaThread "Cache worker for journal cache (D:\dev\.gradle\caches\caches\journal-1)"        [_thread_blocked, id=22496, stack(0x0000009556c00000,0x0000009556d00000) (1024K)]
  0x00000258eabbcad0 JavaThread "File lock request listener"        [_thread_in_native, id=7676, stack(0x0000009557200000,0x0000009557300000) (1024K)]
  0x00000258eabbde80 JavaThread "Cache worker for file hash cache (D:\dev\.gradle\caches\caches\8.14.3\fileHashes)"        [_thread_blocked, id=32352, stack(0x0000009558300000,0x0000009558400000) (1024K)]
  0x00000258eabbf230 JavaThread "Cache worker for file hash cache (E:\AndroidStudioProjects\TestVineshield\.gradle\8.14.3\fileHashes)"        [_thread_blocked, id=32224, stack(0x0000009558600000,0x0000009558700000) (1024K)]
  0x00000258eabc1990 JavaThread "Cache worker for Build Output Cleanup Cache (E:\AndroidStudioProjects\TestVineshield\.gradle\buildOutputCleanup)"        [_thread_blocked, id=27668, stack(0x0000009558700000,0x0000009558800000) (1024K)]
  0x00000258eabbf8c0 JavaThread "File watcher server"        daemon [_thread_in_native, id=27536, stack(0x0000009558800000,0x0000009558900000) (1024K)]
  0x00000258eabc2020 JavaThread "File watcher consumer"      daemon [_thread_blocked, id=27708, stack(0x0000009558900000,0x0000009558a00000) (1024K)]
  0x00000258eabc05e0 JavaThread "jar transforms"                    [_thread_blocked, id=32056, stack(0x0000009558400000,0x0000009558500000) (1024K)]
  0x00000258eabbff50 JavaThread "jar transforms Thread 2"           [_thread_blocked, id=13316, stack(0x0000009558500000,0x0000009558600000) (1024K)]
  0x00000258eabc26b0 JavaThread "jar transforms Thread 3"           [_thread_blocked, id=20828, stack(0x0000009558a00000,0x0000009558b00000) (1024K)]
  0x00000258eabc1300 JavaThread "jar transforms Thread 4"           [_thread_blocked, id=26556, stack(0x0000009558b00000,0x0000009558c00000) (1024K)]
  0x00000258eabc0c70 JavaThread "jar transforms Thread 5"           [_thread_blocked, id=16608, stack(0x0000009558c00000,0x0000009558d00000) (1024K)]
  0x00000258e4692270 JavaThread "jar transforms Thread 6"           [_thread_blocked, id=2876, stack(0x0000009558d00000,0x0000009558e00000) (1024K)]
  0x00000258e468fb10 JavaThread "jar transforms Thread 7"           [_thread_blocked, id=2916, stack(0x0000009558e00000,0x0000009558f00000) (1024K)]
  0x00000258e9d12220 JavaThread "jar transforms Thread 8"           [_thread_blocked, id=32300, stack(0x0000009558f00000,0x0000009559000000) (1024K)]
  0x00000258e9d135d0 JavaThread "jar transforms Thread 9"           [_thread_blocked, id=22268, stack(0x0000009559000000,0x0000009559100000) (1024K)]
  0x00000258e9d13c60 JavaThread "jar transforms Thread 10"          [_thread_blocked, id=18160, stack(0x0000009559100000,0x0000009559200000) (1024K)]
  0x00000258e9d142f0 JavaThread "jar transforms Thread 11"          [_thread_blocked, id=30796, stack(0x0000009559200000,0x0000009559300000) (1024K)]
  0x00000258e9d15010 JavaThread "jar transforms Thread 12"          [_thread_blocked, id=316, stack(0x0000009559300000,0x0000009559400000) (1024K)]
  0x00000258e9d163c0 JavaThread "Cache worker for checksums cache (E:\AndroidStudioProjects\TestVineshield\.gradle\8.14.3\checksums)"        [_thread_blocked, id=31128, stack(0x0000009559600000,0x0000009559700000) (1024K)]
  0x00000258e9d12f40 JavaThread "Cache worker for file content cache (D:\dev\.gradle\caches\caches\8.14.3\fileContent)"        [_thread_blocked, id=4544, stack(0x0000009559700000,0x0000009559800000) (1024K)]
  0x00000258e9d14980 JavaThread "Cache worker for cache directory md-supplier (D:\dev\.gradle\caches\caches\8.14.3\md-supplier)"        [_thread_blocked, id=17024, stack(0x0000009559800000,0x0000009559900000) (1024K)]
  0x00000258e9d18490 JavaThread "Cache worker for cache directory md-rule (D:\dev\.gradle\caches\caches\8.14.3\md-rule)"        [_thread_blocked, id=24192, stack(0x0000009559900000,0x0000009559a00000) (1024K)]
  0x00000258e9d170e0 JavaThread "Unconstrained build operations"        [_thread_blocked, id=30064, stack(0x0000009559a00000,0x0000009559b00000) (1024K)]
  0x00000258e9d19840 JavaThread "Unconstrained build operations Thread 2"        [_thread_blocked, id=30392, stack(0x0000009559b00000,0x0000009559c00000) (1024K)]
  0x00000258e9d17770 JavaThread "Unconstrained build operations Thread 3"        [_thread_blocked, id=5196, stack(0x0000009559c00000,0x0000009559d00000) (1024K)]
  0x00000258ecff7790 JavaThread "Unconstrained build operations Thread 4"        [_thread_blocked, id=30164, stack(0x0000009559d00000,0x0000009559e00000) (1024K)]
  0x00000258ecff84b0 JavaThread "Unconstrained build operations Thread 5"        [_thread_blocked, id=24012, stack(0x0000009559e00000,0x0000009559f00000) (1024K)]
  0x00000258ecff56c0 JavaThread "Unconstrained build operations Thread 6"        [_thread_blocked, id=24640, stack(0x0000009559f00000,0x000000955a000000) (1024K)]
  0x00000258ecff5030 JavaThread "Unconstrained build operations Thread 7"        [_thread_blocked, id=21180, stack(0x000000955a000000,0x000000955a100000) (1024K)]
  0x00000258ecff63e0 JavaThread "Unconstrained build operations Thread 8"        [_thread_blocked, id=16364, stack(0x000000955a100000,0x000000955a200000) (1024K)]
  0x00000258ecff6a70 JavaThread "Unconstrained build operations Thread 9"        [_thread_blocked, id=16584, stack(0x000000955a200000,0x000000955a300000) (1024K)]
  0x00000258e9d16a50 JavaThread "Unconstrained build operations Thread 10"        [_thread_blocked, id=32592, stack(0x000000955a300000,0x000000955a400000) (1024K)]
  0x00000258e9d17e00 JavaThread "Unconstrained build operations Thread 11"        [_thread_blocked, id=5408, stack(0x000000955a400000,0x000000955a500000) (1024K)]
  0x00000258ee2e8140 JavaThread "Unconstrained build operations Thread 12"        [_thread_blocked, id=31684, stack(0x000000955a500000,0x000000955a600000) (1024K)]
  0x00000258ee2e6d90 JavaThread "Unconstrained build operations Thread 13"        [_thread_blocked, id=28812, stack(0x0000009559400000,0x0000009559500000) (1024K)]
  0x00000258ee2e6700 JavaThread "Unconstrained build operations Thread 14"        [_thread_blocked, id=18324, stack(0x0000009559500000,0x0000009559600000) (1024K)]
  0x00000258ee2e5350 JavaThread "Unconstrained build operations Thread 15"        [_thread_blocked, id=9508, stack(0x000000955a600000,0x000000955a700000) (1024K)]
  0x00000258ee2e87d0 JavaThread "Unconstrained build operations Thread 16"        [_thread_blocked, id=32564, stack(0x000000955a700000,0x000000955a800000) (1024K)]
  0x00000258ee2e7420 JavaThread "Unconstrained build operations Thread 17"        [_thread_blocked, id=26344, stack(0x000000955a800000,0x000000955a900000) (1024K)]
  0x00000258ee2e7ab0 JavaThread "Unconstrained build operations Thread 18"        [_thread_blocked, id=26936, stack(0x000000955a900000,0x000000955aa00000) (1024K)]
  0x00000258ee2e59e0 JavaThread "Unconstrained build operations Thread 19"        [_thread_blocked, id=16948, stack(0x000000955aa00000,0x000000955ab00000) (1024K)]
  0x00000258ee2e8e60 JavaThread "Unconstrained build operations Thread 20"        [_thread_blocked, id=29692, stack(0x000000955ab00000,0x000000955ac00000) (1024K)]
  0x00000258ee2e94f0 JavaThread "Unconstrained build operations Thread 21"        [_thread_blocked, id=8376, stack(0x000000955ac00000,0x000000955ad00000) (1024K)]
  0x00000258ee2ea210 JavaThread "Kotlin DSL Writer"                 [_thread_blocked, id=9288, stack(0x0000009555700000,0x0000009555800000) (1024K)]
  0x00000258ee2ec2e0 JavaThread "Unconstrained build operations Thread 22"        [_thread_blocked, id=6544, stack(0x0000009555900000,0x0000009555a00000) (1024K)]
  0x00000258ee2eaf30 JavaThread "Unconstrained build operations Thread 23"        [_thread_blocked, id=808, stack(0x000000955af00000,0x000000955b000000) (1024K)]
  0x00000258ecff7e20 JavaThread "Unconstrained build operations Thread 24"        [_thread_blocked, id=24060, stack(0x000000955b000000,0x000000955b100000) (1024K)]
  0x00000258ecff5d50 JavaThread "Unconstrained build operations Thread 25"        [_thread_blocked, id=26824, stack(0x000000955b100000,0x000000955b200000) (1024K)]
  0x00000258ef902eb0 JavaThread "Unconstrained build operations Thread 26"        [_thread_blocked, id=8088, stack(0x000000955b200000,0x000000955b300000) (1024K)]
  0x00000258eccd7c20 JavaThread "Unconstrained build operations Thread 27"        [_thread_blocked, id=28816, stack(0x000000955b300000,0x000000955b400000) (1024K)]
  0x00000258eccd61e0 JavaThread "Unconstrained build operations Thread 28"        [_thread_blocked, id=28684, stack(0x000000955b400000,0x000000955b500000) (1024K)]
  0x00000258eccd6870 JavaThread "Unconstrained build operations Thread 29"        [_thread_blocked, id=30072, stack(0x000000955b500000,0x000000955b600000) (1024K)]
  0x00000258eccd5b50 JavaThread "Unconstrained build operations Thread 30"        [_thread_blocked, id=24536, stack(0x000000955b600000,0x000000955b700000) (1024K)]
  0x00000258eccd54c0 JavaThread "Unconstrained build operations Thread 31"        [_thread_blocked, id=31356, stack(0x000000955b700000,0x000000955b800000) (1024K)]
  0x00000258eccd6f00 JavaThread "Unconstrained build operations Thread 32"        [_thread_blocked, id=27512, stack(0x000000955b800000,0x000000955b900000) (1024K)]
  0x00000258eccd4e30 JavaThread "Unconstrained build operations Thread 33"        [_thread_blocked, id=28968, stack(0x0000009555800000,0x0000009555900000) (1024K)]
  0x00000258eccdbdc0 JavaThread "Unconstrained build operations Thread 34"        [_thread_blocked, id=28400, stack(0x000000955b900000,0x000000955ba00000) (1024K)]
  0x00000258eccdb730 JavaThread "Unconstrained build operations Thread 35"        [_thread_blocked, id=13832, stack(0x000000955ba00000,0x000000955bb00000) (1024K)]
  0x00000258eccdc450 JavaThread "Unconstrained build operations Thread 36"        [_thread_blocked, id=3296, stack(0x000000955bb00000,0x000000955bc00000) (1024K)]
  0x00000258eccda380 JavaThread "Unconstrained build operations Thread 37"        [_thread_blocked, id=4932, stack(0x000000955bc00000,0x000000955bd00000) (1024K)]
  0x00000258eccd8fd0 JavaThread "Unconstrained build operations Thread 38"        [_thread_blocked, id=8004, stack(0x000000955bd00000,0x000000955be00000) (1024K)]
  0x00000258eccd9660 JavaThread "Unconstrained build operations Thread 39"        [_thread_blocked, id=31252, stack(0x000000955be00000,0x000000955bf00000) (1024K)]
  0x00000258eccd9cf0 JavaThread "Unconstrained build operations Thread 40"        [_thread_blocked, id=20752, stack(0x000000955bf00000,0x000000955c000000) (1024K)]
  0x00000258eccdaa10 JavaThread "Unconstrained build operations Thread 41"        [_thread_blocked, id=20500, stack(0x000000955c000000,0x000000955c100000) (1024K)]
  0x00000258e968c490 JavaThread "Unconstrained build operations Thread 42"        [_thread_blocked, id=26096, stack(0x000000955c100000,0x000000955c200000) (1024K)]
  0x00000258e968aa50 JavaThread "Unconstrained build operations Thread 43"        [_thread_blocked, id=31864, stack(0x000000955c200000,0x000000955c300000) (1024K)]
  0x00000258e968b0e0 JavaThread "Unconstrained build operations Thread 44"        [_thread_blocked, id=30360, stack(0x000000955c300000,0x000000955c400000) (1024K)]
  0x00000258e968d1b0 JavaThread "Unconstrained build operations Thread 45"        [_thread_blocked, id=11956, stack(0x000000955c400000,0x000000955c500000) (1024K)]
  0x00000258e9689d30 JavaThread "Unconstrained build operations Thread 46"        [_thread_blocked, id=21352, stack(0x000000955c500000,0x000000955c600000) (1024K)]
  0x00000258e968a3c0 JavaThread "Unconstrained build operations Thread 47"        [_thread_blocked, id=20572, stack(0x000000955c600000,0x000000955c700000) (1024K)]
  0x00000258e968ded0 JavaThread "Unconstrained build operations Thread 48"        [_thread_blocked, id=11416, stack(0x000000955c700000,0x000000955c800000) (1024K)]
  0x00000258e968e560 JavaThread "Unconstrained build operations Thread 49"        [_thread_blocked, id=1392, stack(0x000000955c800000,0x000000955c900000) (1024K)]
  0x00000258e968f280 JavaThread "Unconstrained build operations Thread 50"        [_thread_blocked, id=32560, stack(0x000000955c900000,0x000000955ca00000) (1024K)]
  0x00000258e968cb20 JavaThread "Unconstrained build operations Thread 51"        [_thread_blocked, id=30280, stack(0x000000955ca00000,0x000000955cb00000) (1024K)]
  0x00000258e968be00 JavaThread "Unconstrained build operations Thread 52"        [_thread_blocked, id=29616, stack(0x000000955cb00000,0x000000955cc00000) (1024K)]
  0x00000258e968d840 JavaThread "Unconstrained build operations Thread 53"        [_thread_blocked, id=32200, stack(0x000000955cc00000,0x000000955cd00000) (1024K)]
  0x00000258e968f910 JavaThread "Unconstrained build operations Thread 54"        [_thread_blocked, id=26304, stack(0x000000955cd00000,0x000000955ce00000) (1024K)]
  0x00000258e9690cc0 JavaThread "Unconstrained build operations Thread 55"        [_thread_blocked, id=24632, stack(0x000000955ce00000,0x000000955cf00000) (1024K)]
  0x00000258e968ebf0 JavaThread "Unconstrained build operations Thread 56"        [_thread_blocked, id=25584, stack(0x000000955cf00000,0x000000955d000000) (1024K)]
  0x00000258e9691350 JavaThread "Unconstrained build operations Thread 57"        [_thread_blocked, id=7368, stack(0x000000955d000000,0x000000955d100000) (1024K)]
  0x00000258e968ffa0 JavaThread "Unconstrained build operations Thread 58"        [_thread_blocked, id=6496, stack(0x000000955d100000,0x000000955d200000) (1024K)]
  0x00000258f1ba73d0 JavaThread "Unconstrained build operations Thread 59"        [_thread_blocked, id=12148, stack(0x000000955d400000,0x000000955d500000) (1024K)]
  0x00000258f1baa1c0 JavaThread "Unconstrained build operations Thread 60"        [_thread_blocked, id=24244, stack(0x000000955d500000,0x000000955d600000) (1024K)]
  0x00000258f1ba8780 JavaThread "Unconstrained build operations Thread 61"        [_thread_blocked, id=16112, stack(0x000000955d800000,0x000000955d900000) (1024K)]
  0x00000258f1ba94a0 JavaThread "Unconstrained build operations Thread 62"        [_thread_blocked, id=7984, stack(0x000000955d900000,0x000000955da00000) (1024K)]
  0x00000258f1ba80f0 JavaThread "Unconstrained build operations Thread 63"        [_thread_blocked, id=30996, stack(0x000000955da00000,0x000000955db00000) (1024K)]
  0x00000258f1ba6d40 JavaThread "Unconstrained build operations Thread 64"        [_thread_blocked, id=22068, stack(0x000000955db00000,0x000000955dc00000) (1024K)]
  0x00000258f1baa850 JavaThread "Unconstrained build operations Thread 65"        [_thread_blocked, id=27344, stack(0x000000955dc00000,0x000000955dd00000) (1024K)]
  0x00000258f1baaee0 JavaThread "Unconstrained build operations Thread 66"        [_thread_blocked, id=5812, stack(0x000000955dd00000,0x000000955de00000) (1024K)]
  0x00000258f1ba7a60 JavaThread "Unconstrained build operations Thread 67"        [_thread_blocked, id=16552, stack(0x000000955de00000,0x000000955df00000) (1024K)]
  0x00000258f1babc00 JavaThread "Unconstrained build operations Thread 68"        [_thread_blocked, id=27316, stack(0x000000955df00000,0x000000955e000000) (1024K)]
  0x00000258f1bab570 JavaThread "Unconstrained build operations Thread 69"        [_thread_blocked, id=20108, stack(0x000000955e000000,0x000000955e100000) (1024K)]
  0x00000258f1ba5990 JavaThread "Unconstrained build operations Thread 70"        [_thread_blocked, id=30436, stack(0x000000955d600000,0x000000955d700000) (1024K)]
  0x00000258f1ba2ba0 JavaThread "Unconstrained build operations Thread 71"        [_thread_blocked, id=2116, stack(0x000000955d700000,0x000000955d800000) (1024K)]
  0x00000258f1ba8e10 JavaThread "Unconstrained build operations Thread 72"        [_thread_blocked, id=23424, stack(0x000000955e100000,0x000000955e200000) (1024K)]
  0x00000258f1ba66b0 JavaThread "Unconstrained build operations Thread 73"        [_thread_blocked, id=25068, stack(0x000000955e200000,0x000000955e300000) (1024K)]
  0x00000258f1bac290 JavaThread "Unconstrained build operations Thread 74"        [_thread_blocked, id=28200, stack(0x000000955e300000,0x000000955e400000) (1024K)]
  0x00000258f1badcd0 JavaThread "Unconstrained build operations Thread 75"        [_thread_blocked, id=25984, stack(0x000000955e400000,0x000000955e500000) (1024K)]
  0x00000258f1bac920 JavaThread "Unconstrained build operations Thread 76"        [_thread_blocked, id=5360, stack(0x000000955e500000,0x000000955e600000) (1024K)]
  0x00000258f1bae360 JavaThread "Unconstrained build operations Thread 77"        [_thread_blocked, id=28988, stack(0x000000955e600000,0x000000955e700000) (1024K)]
  0x00000258f1bae9f0 JavaThread "Unconstrained build operations Thread 78"        [_thread_blocked, id=3960, stack(0x000000955e700000,0x000000955e800000) (1024K)]
  0x00000258f1bacfb0 JavaThread "Unconstrained build operations Thread 79"        [_thread_blocked, id=532, stack(0x000000955e800000,0x000000955e900000) (1024K)]
  0x00000258f1bad640 JavaThread "Unconstrained build operations Thread 80"        [_thread_blocked, id=28280, stack(0x000000955e900000,0x000000955ea00000) (1024K)]
  0x0000025884ac2d60 JavaThread "Unconstrained build operations Thread 81"        [_thread_blocked, id=408, stack(0x000000955ad00000,0x000000955ae00000) (1024K)]
  0x0000025884ac33f0 JavaThread "Unconstrained build operations Thread 82"        [_thread_blocked, id=29048, stack(0x000000955ea00000,0x000000955eb00000) (1024K)]
  0x0000025884ac3a80 JavaThread "Unconstrained build operations Thread 83"        [_thread_blocked, id=28792, stack(0x000000955eb00000,0x000000955ec00000) (1024K)]
  0x0000025884ac4110 JavaThread "Unconstrained build operations Thread 84"        [_thread_blocked, id=28172, stack(0x000000955ec00000,0x000000955ed00000) (1024K)]
  0x00000258ef8f8df0 JavaThread "Unconstrained build operations Thread 85"        [_thread_blocked, id=14332, stack(0x000000955ed00000,0x000000955ee00000) (1024K)]
  0x00000258ef8fa1a0 JavaThread "Unconstrained build operations Thread 86"        [_thread_blocked, id=31564, stack(0x000000955ee00000,0x000000955ef00000) (1024K)]
  0x00000258ef8f9480 JavaThread "Unconstrained build operations Thread 87"        [_thread_blocked, id=17820, stack(0x000000955ef00000,0x000000955f000000) (1024K)]
  0x00000258ef8f9b10 JavaThread "Unconstrained build operations Thread 88"        [_thread_blocked, id=27808, stack(0x000000955f000000,0x000000955f100000) (1024K)]
  0x00000258ef8fa830 JavaThread "Unconstrained build operations Thread 89"        [_thread_blocked, id=6292, stack(0x000000955f100000,0x000000955f200000) (1024K)]
  0x00000258ef8f73b0 JavaThread "Unconstrained build operations Thread 90"        [_thread_blocked, id=26480, stack(0x000000955f200000,0x000000955f300000) (1024K)]
  0x00000258ef8f7a40 JavaThread "Unconstrained build operations Thread 91"        [_thread_blocked, id=32220, stack(0x000000955f300000,0x000000955f400000) (1024K)]
  0x00000258ef8f80d0 JavaThread "Unconstrained build operations Thread 92"        [_thread_blocked, id=20000, stack(0x000000955f400000,0x000000955f500000) (1024K)]
  0x00000258ef8f8760 JavaThread "Unconstrained build operations Thread 93"        [_thread_blocked, id=17204, stack(0x000000955f500000,0x000000955f600000) (1024K)]
  0x00000258845b34f0 JavaThread "Unconstrained build operations Thread 94"        [_thread_blocked, id=12168, stack(0x000000955f600000,0x000000955f700000) (1024K)]
  0x00000258845b0d90 JavaThread "Unconstrained build operations Thread 95"        [_thread_blocked, id=28292, stack(0x000000955f700000,0x000000955f800000) (1024K)]
  0x00000258845b1420 JavaThread "Unconstrained build operations Thread 96"        [_thread_blocked, id=15484, stack(0x000000955f800000,0x000000955f900000) (1024K)]
  0x00000258ef530f30 JavaThread "Memory manager"                    [_thread_blocked, id=11728, stack(0x000000955f900000,0x000000955fa00000) (1024K)]
  0x00000258f02df660 JavaThread "pool-3-thread-1"                   [_thread_blocked, id=8260, stack(0x000000955fc00000,0x000000955fd00000) (1024K)]
  0x00000258f1ba38c0 JavaThread "included builds"                   [_thread_blocked, id=30652, stack(0x000000955fd00000,0x000000955fe00000) (1024K)]
  0x0000025885bf7870 JavaThread "Execution worker"                  [_thread_blocked, id=3016, stack(0x000000955fe00000,0x000000955ff00000) (1024K)]
  0x0000025885bf71e0 JavaThread "Execution worker Thread 2"         [_thread_blocked, id=7744, stack(0x000000955ff00000,0x0000009560000000) (1024K)]
  0x0000025885bf6b50 JavaThread "Execution worker Thread 3"         [_thread_blocked, id=31500, stack(0x0000009560000000,0x0000009560100000) (1024K)]
  0x0000025885bf64c0 JavaThread "Execution worker Thread 4"         [_thread_blocked, id=31804, stack(0x0000009560100000,0x0000009560200000) (1024K)]
  0x0000025885b93a90 JavaThread "Execution worker Thread 5"         [_thread_blocked, id=12604, stack(0x0000009560200000,0x0000009560300000) (1024K)]
  0x0000025885b926e0 JavaThread "Execution worker Thread 6"         [_thread_blocked, id=30304, stack(0x0000009560300000,0x0000009560400000) (1024K)]
  0x0000025885b94120 JavaThread "Execution worker Thread 7"         [_thread_blocked, id=32712, stack(0x0000009560400000,0x0000009560500000) (1024K)]
  0x0000025885b92050 JavaThread "Execution worker Thread 8"         [_thread_blocked, id=19420, stack(0x0000009560500000,0x0000009560600000) (1024K)]
  0x0000025885b92d70 JavaThread "Execution worker Thread 9"         [_thread_blocked, id=19980, stack(0x0000009560600000,0x0000009560700000) (1024K)]
  0x0000025885b947b0 JavaThread "Execution worker Thread 10"        [_thread_blocked, id=31148, stack(0x0000009560700000,0x0000009560800000) (1024K)]
  0x0000025885b94e40 JavaThread "Execution worker Thread 11"        [_thread_blocked, id=4908, stack(0x0000009560800000,0x0000009560900000) (1024K)]
  0x0000025885c74340 JavaThread "Cache worker for execution history cache (E:\AndroidStudioProjects\TestVineshield\.gradle\8.14.3\executionHistory)"        [_thread_blocked, id=30552, stack(0x0000009560900000,0x0000009560a00000) (1024K)]
  0x0000025885c72f90 JavaThread "Unconstrained build operations Thread 97"        [_thread_blocked, id=3168, stack(0x0000009560a00000,0x0000009560b00000) (1024K)]
  0x0000025885c73620 JavaThread "Unconstrained build operations Thread 98"        [_thread_blocked, id=2756, stack(0x000000955d200000,0x000000955d300000) (1024K)]
  0x0000025885c72270 JavaThread "Unconstrained build operations Thread 99"        [_thread_blocked, id=32256, stack(0x000000955d300000,0x000000955d400000) (1024K)]
  0x0000025885c749d0 JavaThread "Unconstrained build operations Thread 100"        [_thread_blocked, id=32252, stack(0x000000955fa00000,0x000000955fb00000) (1024K)]
  0x0000025885c75060 JavaThread "Unconstrained build operations Thread 101"        [_thread_blocked, id=18032, stack(0x000000955fb00000,0x000000955fc00000) (1024K)]
  0x0000025885c756f0 JavaThread "Unconstrained build operations Thread 102"        [_thread_blocked, id=31760, stack(0x0000009560b00000,0x0000009560c00000) (1024K)]
  0x0000025885c72900 JavaThread "Unconstrained build operations Thread 103"        [_thread_blocked, id=30296, stack(0x0000009560c00000,0x0000009560d00000) (1024K)]
  0x0000025885c73cb0 JavaThread "Unconstrained build operations Thread 104"        [_thread_blocked, id=26744, stack(0x0000009560d00000,0x0000009560e00000) (1024K)]
  0x00000258f00e7050 JavaThread "idea-tooling-model-converter"        [_thread_blocked, id=17772, stack(0x0000009561000000,0x0000009561100000) (1024K)]
  0x00000258f1ba6020 JavaThread "Unconstrained build operations Thread 105"        [_thread_blocked, id=18424, stack(0x0000009560e00000,0x0000009560f00000) (1024K)]
Total: 166

Other Threads:
  0x00000258e44ce880 VMThread "VM Thread"                           [id=22572, stack(0x0000009556100000,0x0000009556200000) (1024K)]
  0x00000258e445f580 WatcherThread "VM Periodic Task Thread"        [id=24692, stack(0x0000009556000000,0x0000009556100000) (1024K)]
  0x00000258ca1f4360 WorkerThread "GC Thread#0"                     [id=19564, stack(0x0000009555b00000,0x0000009555c00000) (1024K)]
  0x00000258e9046210 WorkerThread "GC Thread#1"                     [id=11632, stack(0x0000009556d00000,0x0000009556e00000) (1024K)]
  0x00000258e93a4d70 WorkerThread "GC Thread#2"                     [id=13256, stack(0x0000009556e00000,0x0000009556f00000) (1024K)]
  0x00000258e93a5110 WorkerThread "GC Thread#3"                     [id=23488, stack(0x0000009556f00000,0x0000009557000000) (1024K)]
  0x00000258e911c8e0 WorkerThread "GC Thread#4"                     [id=3880, stack(0x0000009557000000,0x0000009557100000) (1024K)]
  0x00000258e911cc80 WorkerThread "GC Thread#5"                     [id=32488, stack(0x0000009557100000,0x0000009557200000) (1024K)]
  0x00000258eaa808b0 WorkerThread "GC Thread#6"                     [id=7752, stack(0x0000009557d00000,0x0000009557e00000) (1024K)]
  0x00000258eaa81390 WorkerThread "GC Thread#7"                     [id=5124, stack(0x0000009557e00000,0x0000009557f00000) (1024K)]
  0x00000258eaa81730 WorkerThread "GC Thread#8"                     [id=5676, stack(0x0000009557f00000,0x0000009558000000) (1024K)]
  0x00000258eaa80ff0 WorkerThread "GC Thread#9"                     [id=22856, stack(0x0000009558000000,0x0000009558100000) (1024K)]
  0x00000258ca206090 ConcurrentGCThread "G1 Main Marker"            [id=7500, stack(0x0000009555c00000,0x0000009555d00000) (1024K)]
  0x00000258ca207240 WorkerThread "G1 Conc#0"                       [id=10248, stack(0x0000009555d00000,0x0000009555e00000) (1024K)]
  0x00000258eaa81ad0 WorkerThread "G1 Conc#1"                       [id=15940, stack(0x0000009558100000,0x0000009558200000) (1024K)]
  0x00000258eaa81e70 WorkerThread "G1 Conc#2"                       [id=16092, stack(0x0000009558200000,0x0000009558300000) (1024K)]
  0x00000258ca24e980 ConcurrentGCThread "G1 Refine#0"               [id=29836, stack(0x0000009555e00000,0x0000009555f00000) (1024K)]
  0x00000258e43309c0 ConcurrentGCThread "G1 Service"                [id=31796, stack(0x0000009555f00000,0x0000009556000000) (1024K)]
Total: 18

Threads with active compile tasks:
C2 CompilerThread0  495254 35393       4       org.gradle.internal.snapshot.impl.DirectorySnapshotter$PathVisitor::snapshotFile (216 bytes)
Total: 1

VM state: not at safepoint (normal execution)

VM Mutex/Monitor currently owned by a thread: None

Heap address: 0x0000000700000000, size: 4096 MB, Compressed Oops mode: Zero based, Oop shift amount: 3

CDS archive(s) not mapped
Compressed class space mapped at: 0x0000000800000000-0x0000000840000000, reserved size: 1073741824
Narrow klass base: 0x0000000800000000, Narrow klass shift: 0, Narrow klass range: 0x40000000

GC Precious Log:
 CardTable entry size: 512
 Card Set container configuration: InlinePtr #cards 4 size 8 Array Of Cards #cards 16 size 48 Howl #buckets 8 coarsen threshold 3686 Howl Bitmap #cards 512 size 80 coarsen threshold 460 Card regions per heap region 1 cards per card region 4096
 CPUs: 12 total, 12 available
 Memory: 16213M
 Large Page Support: Disabled
 NUMA Support: Disabled
 Compressed Oops: Enabled (Zero based)
 Heap Region Size: 2M
 Heap Min Capacity: 8M
 Heap Initial Capacity: 254M
 Heap Max Capacity: 4G
 Pre-touch: Disabled
 Parallel Workers: 10
 Concurrent Workers: 3
 Concurrent Refinement Workers: 10
 Periodic GC: Disabled

Heap:
 garbage-first heap   total 856064K, used 582639K [0x0000000700000000, 0x0000000800000000)
  region size 2048K, 47 young (96256K), 5 survivors (10240K)
 Metaspace       used 228410K, committed 231232K, reserved 1310720K
  class space    used 29532K, committed 30912K, reserved 1048576K

Heap Regions: E=young(eden), S=young(survivor), O=old, HS=humongous(starts), HC=humongous(continues), CS=collection set, F=free, TAMS=top-at-mark-start, PB=parsable bottom
|   0|0x0000000700000000, 0x0000000700200000, 0x0000000700200000|100%|HS|  |TAMS 0x0000000700000000| PB 0x0000000700000000| Complete 
|   1|0x0000000700200000, 0x0000000700400000, 0x0000000700400000|100%|HC|  |TAMS 0x0000000700200000| PB 0x0000000700200000| Complete 
|   2|0x0000000700400000, 0x0000000700600000, 0x0000000700600000|100%| O|  |TAMS 0x0000000700400000| PB 0x0000000700400000| Untracked 
|   3|0x0000000700600000, 0x0000000700800000, 0x0000000700800000|100%| O|  |TAMS 0x0000000700600000| PB 0x0000000700600000| Untracked 
|   4|0x0000000700800000, 0x0000000700a00000, 0x0000000700a00000|100%| O|  |TAMS 0x0000000700800000| PB 0x0000000700800000| Untracked 
|   5|0x0000000700a00000, 0x0000000700c00000, 0x0000000700c00000|100%| O|  |TAMS 0x0000000700a00000| PB 0x0000000700a00000| Untracked 
|   6|0x0000000700c00000, 0x0000000700e00000, 0x0000000700e00000|100%| O|  |TAMS 0x0000000700c00000| PB 0x0000000700c00000| Untracked 
|   7|0x0000000700e00000, 0x0000000701000000, 0x0000000701000000|100%| O|  |TAMS 0x0000000700e00000| PB 0x0000000700e00000| Untracked 
|   8|0x0000000701000000, 0x0000000701200000, 0x0000000701200000|100%| O|  |TAMS 0x0000000701000000| PB 0x0000000701000000| Untracked 
|   9|0x0000000701200000, 0x0000000701400000, 0x0000000701400000|100%|HS|  |TAMS 0x0000000701200000| PB 0x0000000701200000| Complete 
|  10|0x0000000701400000, 0x0000000701600000, 0x0000000701600000|100%|HC|  |TAMS 0x0000000701400000| PB 0x0000000701400000| Complete 
|  11|0x0000000701600000, 0x0000000701800000, 0x0000000701800000|100%|HC|  |TAMS 0x0000000701600000| PB 0x0000000701600000| Complete 
|  12|0x0000000701800000, 0x0000000701a00000, 0x0000000701a00000|100%|HS|  |TAMS 0x0000000701800000| PB 0x0000000701800000| Complete 
|  13|0x0000000701a00000, 0x0000000701c00000, 0x0000000701c00000|100%|HS|  |TAMS 0x0000000701a00000| PB 0x0000000701a00000| Complete 
|  14|0x0000000701c00000, 0x0000000701e00000, 0x0000000701e00000|100%|HC|  |TAMS 0x0000000701c00000| PB 0x0000000701c00000| Complete 
|  15|0x0000000701e00000, 0x0000000702000000, 0x0000000702000000|100%|HS|  |TAMS 0x0000000701e00000| PB 0x0000000701e00000| Complete 
|  16|0x0000000702000000, 0x0000000702200000, 0x0000000702200000|100%|HC|  |TAMS 0x0000000702000000| PB 0x0000000702000000| Complete 
|  17|0x0000000702200000, 0x0000000702400000, 0x0000000702400000|100%|HC|  |TAMS 0x0000000702200000| PB 0x0000000702200000| Complete 
|  18|0x0000000702400000, 0x0000000702600000, 0x0000000702600000|100%|HS|  |TAMS 0x0000000702400000| PB 0x0000000702400000| Complete 
|  19|0x0000000702600000, 0x0000000702800000, 0x0000000702800000|100%|HS|  |TAMS 0x0000000702600000| PB 0x0000000702600000| Complete 
|  20|0x0000000702800000, 0x0000000702a00000, 0x0000000702a00000|100%|HC|  |TAMS 0x0000000702800000| PB 0x0000000702800000| Complete 
|  21|0x0000000702a00000, 0x0000000702c00000, 0x0000000702c00000|100%| O|  |TAMS 0x0000000702a00000| PB 0x0000000702a00000| Untracked 
|  22|0x0000000702c00000, 0x0000000702e00000, 0x0000000702e00000|100%| O|  |TAMS 0x0000000702c00000| PB 0x0000000702c00000| Untracked 
|  23|0x0000000702e00000, 0x0000000703000000, 0x0000000703000000|100%| O|  |TAMS 0x0000000702e00000| PB 0x0000000702e00000| Untracked 
|  24|0x0000000703000000, 0x0000000703200000, 0x0000000703200000|100%| O|  |TAMS 0x0000000703000000| PB 0x0000000703000000| Untracked 
|  25|0x0000000703200000, 0x0000000703400000, 0x0000000703400000|100%| O|  |TAMS 0x0000000703200000| PB 0x0000000703200000| Untracked 
|  26|0x0000000703400000, 0x0000000703600000, 0x0000000703600000|100%| O|  |TAMS 0x0000000703400000| PB 0x0000000703400000| Untracked 
|  27|0x0000000703600000, 0x0000000703800000, 0x0000000703800000|100%| O|  |TAMS 0x0000000703600000| PB 0x0000000703600000| Untracked 
|  28|0x0000000703800000, 0x0000000703a00000, 0x0000000703a00000|100%| O|  |TAMS 0x0000000703800000| PB 0x0000000703800000| Untracked 
|  29|0x0000000703a00000, 0x0000000703c00000, 0x0000000703c00000|100%| O|  |TAMS 0x0000000703a00000| PB 0x0000000703a00000| Untracked 
|  30|0x0000000703c00000, 0x0000000703e00000, 0x0000000703e00000|100%| O|  |TAMS 0x0000000703c00000| PB 0x0000000703c00000| Untracked 
|  31|0x0000000703e00000, 0x0000000704000000, 0x0000000704000000|100%| O|  |TAMS 0x0000000703e00000| PB 0x0000000703e00000| Untracked 
|  32|0x0000000704000000, 0x0000000704200000, 0x0000000704200000|100%| O|  |TAMS 0x0000000704000000| PB 0x0000000704000000| Untracked 
|  33|0x0000000704200000, 0x0000000704400000, 0x0000000704400000|100%| O|  |TAMS 0x0000000704200000| PB 0x0000000704200000| Untracked 
|  34|0x0000000704400000, 0x0000000704600000, 0x0000000704600000|100%| O|  |TAMS 0x0000000704400000| PB 0x0000000704400000| Untracked 
|  35|0x0000000704600000, 0x0000000704800000, 0x0000000704800000|100%|HS|  |TAMS 0x0000000704600000| PB 0x0000000704600000| Complete 
|  36|0x0000000704800000, 0x0000000704a00000, 0x0000000704a00000|100%| O|  |TAMS 0x0000000704800000| PB 0x0000000704800000| Untracked 
|  37|0x0000000704a00000, 0x0000000704c00000, 0x0000000704c00000|100%| O|  |TAMS 0x0000000704a00000| PB 0x0000000704a00000| Untracked 
|  38|0x0000000704c00000, 0x0000000704e00000, 0x0000000704e00000|100%| O|  |TAMS 0x0000000704c00000| PB 0x0000000704c00000| Untracked 
|  39|0x0000000704e00000, 0x0000000705000000, 0x0000000705000000|100%| O|  |TAMS 0x0000000704e00000| PB 0x0000000704e00000| Untracked 
|  40|0x0000000705000000, 0x0000000705200000, 0x0000000705200000|100%| O|  |TAMS 0x0000000705000000| PB 0x0000000705000000| Untracked 
|  41|0x0000000705200000, 0x0000000705400000, 0x0000000705400000|100%| O|  |TAMS 0x0000000705200000| PB 0x0000000705200000| Untracked 
|  42|0x0000000705400000, 0x0000000705600000, 0x0000000705600000|100%| O|  |TAMS 0x0000000705400000| PB 0x0000000705400000| Untracked 
|  43|0x0000000705600000, 0x0000000705800000, 0x0000000705800000|100%| O|  |TAMS 0x0000000705600000| PB 0x0000000705600000| Untracked 
|  44|0x0000000705800000, 0x0000000705a00000, 0x0000000705a00000|100%| O|  |TAMS 0x0000000705800000| PB 0x0000000705800000| Untracked 
|  45|0x0000000705a00000, 0x0000000705c00000, 0x0000000705c00000|100%| O|  |TAMS 0x0000000705a00000| PB 0x0000000705a00000| Untracked 
|  46|0x0000000705c00000, 0x0000000705e00000, 0x0000000705e00000|100%| O|  |TAMS 0x0000000705c00000| PB 0x0000000705c00000| Untracked 
|  47|0x0000000705e00000, 0x0000000706000000, 0x0000000706000000|100%| O|  |TAMS 0x0000000705e00000| PB 0x0000000705e00000| Untracked 
|  48|0x0000000706000000, 0x0000000706200000, 0x0000000706200000|100%| O|  |TAMS 0x0000000706000000| PB 0x0000000706000000| Untracked 
|  49|0x0000000706200000, 0x0000000706400000, 0x0000000706400000|100%| O|  |TAMS 0x0000000706200000| PB 0x0000000706200000| Untracked 
|  50|0x0000000706400000, 0x0000000706600000, 0x0000000706600000|100%| O|  |TAMS 0x0000000706400000| PB 0x0000000706400000| Untracked 
|  51|0x0000000706600000, 0x0000000706800000, 0x0000000706800000|100%| O|  |TAMS 0x0000000706600000| PB 0x0000000706600000| Untracked 
|  52|0x0000000706800000, 0x0000000706a00000, 0x0000000706a00000|100%| O|  |TAMS 0x0000000706800000| PB 0x0000000706800000| Untracked 
|  53|0x0000000706a00000, 0x0000000706c00000, 0x0000000706c00000|100%| O|  |TAMS 0x0000000706a00000| PB 0x0000000706a00000| Untracked 
|  54|0x0000000706c00000, 0x0000000706e00000, 0x0000000706e00000|100%| O|  |TAMS 0x0000000706c00000| PB 0x0000000706c00000| Untracked 
|  55|0x0000000706e00000, 0x0000000707000000, 0x0000000707000000|100%| O|  |TAMS 0x0000000706e00000| PB 0x0000000706e00000| Untracked 
|  56|0x0000000707000000, 0x0000000707200000, 0x0000000707200000|100%| O|  |TAMS 0x0000000707000000| PB 0x0000000707000000| Untracked 
|  57|0x0000000707200000, 0x0000000707400000, 0x0000000707400000|100%| O|  |TAMS 0x0000000707200000| PB 0x0000000707200000| Untracked 
|  58|0x0000000707400000, 0x0000000707600000, 0x0000000707600000|100%| O|  |TAMS 0x0000000707400000| PB 0x0000000707400000| Untracked 
|  59|0x0000000707600000, 0x0000000707800000, 0x0000000707800000|100%| O|  |TAMS 0x0000000707600000| PB 0x0000000707600000| Untracked 
|  60|0x0000000707800000, 0x0000000707a00000, 0x0000000707a00000|100%| O|  |TAMS 0x0000000707800000| PB 0x0000000707800000| Untracked 
|  61|0x0000000707a00000, 0x0000000707c00000, 0x0000000707c00000|100%| O|  |TAMS 0x0000000707a00000| PB 0x0000000707a00000| Untracked 
|  62|0x0000000707c00000, 0x0000000707e00000, 0x0000000707e00000|100%| O|  |TAMS 0x0000000707c00000| PB 0x0000000707c00000| Untracked 
|  63|0x0000000707e00000, 0x0000000708000000, 0x0000000708000000|100%| O|  |TAMS 0x0000000707e00000| PB 0x0000000707e00000| Untracked 
|  64|0x0000000708000000, 0x0000000708200000, 0x0000000708200000|100%| O|  |TAMS 0x0000000708000000| PB 0x0000000708000000| Untracked 
|  65|0x0000000708200000, 0x0000000708400000, 0x0000000708400000|100%| O|  |TAMS 0x0000000708200000| PB 0x0000000708200000| Untracked 
|  66|0x0000000708400000, 0x0000000708600000, 0x0000000708600000|100%| O|  |TAMS 0x0000000708400000| PB 0x0000000708400000| Untracked 
|  67|0x0000000708600000, 0x0000000708800000, 0x0000000708800000|100%| O|  |TAMS 0x0000000708600000| PB 0x0000000708600000| Untracked 
|  68|0x0000000708800000, 0x0000000708a00000, 0x0000000708a00000|100%| O|  |TAMS 0x0000000708800000| PB 0x0000000708800000| Untracked 
|  69|0x0000000708a00000, 0x0000000708c00000, 0x0000000708c00000|100%| O|  |TAMS 0x0000000708a00000| PB 0x0000000708a00000| Untracked 
|  70|0x0000000708c00000, 0x0000000708e00000, 0x0000000708e00000|100%| O|  |TAMS 0x0000000708c00000| PB 0x0000000708c00000| Untracked 
|  71|0x0000000708e00000, 0x0000000709000000, 0x0000000709000000|100%| O|  |TAMS 0x0000000708e00000| PB 0x0000000708e00000| Untracked 
|  72|0x0000000709000000, 0x0000000709200000, 0x0000000709200000|100%| O|  |TAMS 0x0000000709000000| PB 0x0000000709000000| Untracked 
|  73|0x0000000709200000, 0x0000000709400000, 0x0000000709400000|100%| O|  |TAMS 0x0000000709200000| PB 0x0000000709200000| Untracked 
|  74|0x0000000709400000, 0x0000000709600000, 0x0000000709600000|100%| O|  |TAMS 0x0000000709400000| PB 0x0000000709400000| Untracked 
|  75|0x0000000709600000, 0x0000000709800000, 0x0000000709800000|100%|HS|  |TAMS 0x0000000709600000| PB 0x0000000709600000| Complete 
|  76|0x0000000709800000, 0x0000000709a00000, 0x0000000709a00000|100%|HC|  |TAMS 0x0000000709800000| PB 0x0000000709800000| Complete 
|  77|0x0000000709a00000, 0x0000000709c00000, 0x0000000709c00000|100%|HC|  |TAMS 0x0000000709a00000| PB 0x0000000709a00000| Complete 
|  78|0x0000000709c00000, 0x0000000709e00000, 0x0000000709e00000|100%| O|  |TAMS 0x0000000709c00000| PB 0x0000000709c00000| Untracked 
|  79|0x0000000709e00000, 0x000000070a000000, 0x000000070a000000|100%| O|  |TAMS 0x0000000709e00000| PB 0x0000000709e00000| Untracked 
|  80|0x000000070a000000, 0x000000070a200000, 0x000000070a200000|100%| O|  |TAMS 0x000000070a000000| PB 0x000000070a000000| Untracked 
|  81|0x000000070a200000, 0x000000070a400000, 0x000000070a400000|100%|HS|  |TAMS 0x000000070a200000| PB 0x000000070a200000| Complete 
|  82|0x000000070a400000, 0x000000070a600000, 0x000000070a600000|100%|HC|  |TAMS 0x000000070a400000| PB 0x000000070a400000| Complete 
|  83|0x000000070a600000, 0x000000070a800000, 0x000000070a800000|100%|HC|  |TAMS 0x000000070a600000| PB 0x000000070a600000| Complete 
|  84|0x000000070a800000, 0x000000070aa00000, 0x000000070aa00000|100%| O|  |TAMS 0x000000070a800000| PB 0x000000070a800000| Untracked 
|  85|0x000000070aa00000, 0x000000070ac00000, 0x000000070ac00000|100%| O|  |TAMS 0x000000070aa00000| PB 0x000000070aa00000| Untracked 
|  86|0x000000070ac00000, 0x000000070ae00000, 0x000000070ae00000|100%| O|  |TAMS 0x000000070ac00000| PB 0x000000070ac00000| Untracked 
|  87|0x000000070ae00000, 0x000000070b000000, 0x000000070b000000|100%| O|  |TAMS 0x000000070ae00000| PB 0x000000070ae00000| Untracked 
|  88|0x000000070b000000, 0x000000070b200000, 0x000000070b200000|100%| O|  |TAMS 0x000000070b000000| PB 0x000000070b000000| Untracked 
|  89|0x000000070b200000, 0x000000070b400000, 0x000000070b400000|100%| O|  |TAMS 0x000000070b200000| PB 0x000000070b200000| Untracked 
|  90|0x000000070b400000, 0x000000070b600000, 0x000000070b600000|100%| O|  |TAMS 0x000000070b400000| PB 0x000000070b400000| Untracked 
|  91|0x000000070b600000, 0x000000070b800000, 0x000000070b800000|100%| O|  |TAMS 0x000000070b600000| PB 0x000000070b600000| Untracked 
|  92|0x000000070b800000, 0x000000070ba00000, 0x000000070ba00000|100%| O|  |TAMS 0x000000070b800000| PB 0x000000070b800000| Untracked 
|  93|0x000000070ba00000, 0x000000070bc00000, 0x000000070bc00000|100%| O|  |TAMS 0x000000070ba00000| PB 0x000000070ba00000| Untracked 
|  94|0x000000070bc00000, 0x000000070be00000, 0x000000070be00000|100%| O|  |TAMS 0x000000070bc00000| PB 0x000000070bc00000| Untracked 
|  95|0x000000070be00000, 0x000000070c000000, 0x000000070c000000|100%| O|  |TAMS 0x000000070be00000| PB 0x000000070be00000| Untracked 
|  96|0x000000070c000000, 0x000000070c200000, 0x000000070c200000|100%| O|  |TAMS 0x000000070c000000| PB 0x000000070c000000| Untracked 
|  97|0x000000070c200000, 0x000000070c400000, 0x000000070c400000|100%| O|  |TAMS 0x000000070c200000| PB 0x000000070c200000| Untracked 
|  98|0x000000070c400000, 0x000000070c600000, 0x000000070c600000|100%| O|  |TAMS 0x000000070c400000| PB 0x000000070c400000| Untracked 
|  99|0x000000070c600000, 0x000000070c800000, 0x000000070c800000|100%| O|  |TAMS 0x000000070c600000| PB 0x000000070c600000| Untracked 
| 100|0x000000070c800000, 0x000000070ca00000, 0x000000070ca00000|100%| O|  |TAMS 0x000000070c800000| PB 0x000000070c800000| Untracked 
| 101|0x000000070ca00000, 0x000000070cc00000, 0x000000070cc00000|100%| O|  |TAMS 0x000000070ca00000| PB 0x000000070ca00000| Untracked 
| 102|0x000000070cc00000, 0x000000070ce00000, 0x000000070ce00000|100%| O|  |TAMS 0x000000070cc00000| PB 0x000000070cc00000| Untracked 
| 103|0x000000070ce00000, 0x000000070d000000, 0x000000070d000000|100%| O|  |TAMS 0x000000070ce00000| PB 0x000000070ce00000| Untracked 
| 104|0x000000070d000000, 0x000000070d200000, 0x000000070d200000|100%| O|  |TAMS 0x000000070d000000| PB 0x000000070d000000| Untracked 
| 105|0x000000070d200000, 0x000000070d400000, 0x000000070d400000|100%| O|  |TAMS 0x000000070d200000| PB 0x000000070d200000| Untracked 
| 106|0x000000070d400000, 0x000000070d600000, 0x000000070d600000|100%| O|  |TAMS 0x000000070d400000| PB 0x000000070d400000| Untracked 
| 107|0x000000070d600000, 0x000000070d800000, 0x000000070d800000|100%|HS|  |TAMS 0x000000070d600000| PB 0x000000070d600000| Complete 
| 108|0x000000070d800000, 0x000000070da00000, 0x000000070da00000|100%| O|  |TAMS 0x000000070d800000| PB 0x000000070d800000| Untracked 
| 109|0x000000070da00000, 0x000000070dc00000, 0x000000070dc00000|100%| O|  |TAMS 0x000000070da00000| PB 0x000000070da00000| Untracked 
| 110|0x000000070dc00000, 0x000000070de00000, 0x000000070de00000|100%| O|  |TAMS 0x000000070dc00000| PB 0x000000070dc00000| Untracked 
| 111|0x000000070de00000, 0x000000070e000000, 0x000000070e000000|100%| O|  |TAMS 0x000000070de00000| PB 0x000000070de00000| Untracked 
| 112|0x000000070e000000, 0x000000070e200000, 0x000000070e200000|100%| O|  |TAMS 0x000000070e000000| PB 0x000000070e000000| Untracked 
| 113|0x000000070e200000, 0x000000070e400000, 0x000000070e400000|100%| O|  |TAMS 0x000000070e200000| PB 0x000000070e200000| Untracked 
| 114|0x000000070e400000, 0x000000070e600000, 0x000000070e600000|100%| O|  |TAMS 0x000000070e400000| PB 0x000000070e400000| Untracked 
| 115|0x000000070e600000, 0x000000070e800000, 0x000000070e800000|100%| O|  |TAMS 0x000000070e600000| PB 0x000000070e600000| Untracked 
| 116|0x000000070e800000, 0x000000070ea00000, 0x000000070ea00000|100%| O|  |TAMS 0x000000070e800000| PB 0x000000070e800000| Untracked 
| 117|0x000000070ea00000, 0x000000070ec00000, 0x000000070ec00000|100%| O|  |TAMS 0x000000070ea00000| PB 0x000000070ea00000| Untracked 
| 118|0x000000070ec00000, 0x000000070ee00000, 0x000000070ee00000|100%| O|  |TAMS 0x000000070ec00000| PB 0x000000070ec00000| Untracked 
| 119|0x000000070ee00000, 0x000000070f000000, 0x000000070f000000|100%| O|  |TAMS 0x000000070ee00000| PB 0x000000070ee00000| Untracked 
| 120|0x000000070f000000, 0x000000070f200000, 0x000000070f200000|100%| O|  |TAMS 0x000000070f000000| PB 0x000000070f000000| Untracked 
| 121|0x000000070f200000, 0x000000070f400000, 0x000000070f400000|100%| O|  |TAMS 0x000000070f200000| PB 0x000000070f200000| Untracked 
| 122|0x000000070f400000, 0x000000070f600000, 0x000000070f600000|100%|HS|  |TAMS 0x000000070f400000| PB 0x000000070f400000| Complete 
| 123|0x000000070f600000, 0x000000070f800000, 0x000000070f800000|100%| O|  |TAMS 0x000000070f600000| PB 0x000000070f600000| Untracked 
| 124|0x000000070f800000, 0x000000070fa00000, 0x000000070fa00000|100%| O|  |TAMS 0x000000070f800000| PB 0x000000070f800000| Untracked 
| 125|0x000000070fa00000, 0x000000070fc00000, 0x000000070fc00000|100%| O|  |TAMS 0x000000070fa00000| PB 0x000000070fa00000| Untracked 
| 126|0x000000070fc00000, 0x000000070fe00000, 0x000000070fe00000|100%| O|  |TAMS 0x000000070fc00000| PB 0x000000070fc00000| Untracked 
| 127|0x000000070fe00000, 0x0000000710000000, 0x0000000710000000|100%| O|  |TAMS 0x000000070fe00000| PB 0x000000070fe00000| Untracked 
| 128|0x0000000710000000, 0x0000000710200000, 0x0000000710200000|100%| O|  |TAMS 0x0000000710000000| PB 0x0000000710000000| Untracked 
| 129|0x0000000710200000, 0x0000000710400000, 0x0000000710400000|100%| O|  |TAMS 0x0000000710200000| PB 0x0000000710200000| Untracked 
| 130|0x0000000710400000, 0x0000000710600000, 0x0000000710600000|100%| O|  |TAMS 0x0000000710400000| PB 0x0000000710400000| Untracked 
| 131|0x0000000710600000, 0x0000000710800000, 0x0000000710800000|100%| O|  |TAMS 0x0000000710600000| PB 0x0000000710600000| Untracked 
| 132|0x0000000710800000, 0x0000000710a00000, 0x0000000710a00000|100%| O|  |TAMS 0x0000000710800000| PB 0x0000000710800000| Untracked 
| 133|0x0000000710a00000, 0x0000000710c00000, 0x0000000710c00000|100%|HS|  |TAMS 0x0000000710a00000| PB 0x0000000710a00000| Complete 
| 134|0x0000000710c00000, 0x0000000710e00000, 0x0000000710e00000|100%| O|  |TAMS 0x0000000710c00000| PB 0x0000000710c00000| Untracked 
| 135|0x0000000710e00000, 0x0000000711000000, 0x0000000711000000|100%| O|  |TAMS 0x0000000710e00000| PB 0x0000000710e00000| Untracked 
| 136|0x0000000711000000, 0x0000000711200000, 0x0000000711200000|100%| O|  |TAMS 0x0000000711000000| PB 0x0000000711000000| Untracked 
| 137|0x0000000711200000, 0x0000000711400000, 0x0000000711400000|100%| O|  |TAMS 0x0000000711200000| PB 0x0000000711200000| Untracked 
| 138|0x0000000711400000, 0x0000000711600000, 0x0000000711600000|100%| O|  |TAMS 0x0000000711400000| PB 0x0000000711400000| Untracked 
| 139|0x0000000711600000, 0x0000000711800000, 0x0000000711800000|100%| O|  |TAMS 0x0000000711600000| PB 0x0000000711600000| Untracked 
| 140|0x0000000711800000, 0x0000000711a00000, 0x0000000711a00000|100%| O|  |TAMS 0x0000000711800000| PB 0x0000000711800000| Untracked 
| 141|0x0000000711a00000, 0x0000000711c00000, 0x0000000711c00000|100%| O|  |TAMS 0x0000000711a00000| PB 0x0000000711a00000| Untracked 
| 142|0x0000000711c00000, 0x0000000711e00000, 0x0000000711e00000|100%| O|  |TAMS 0x0000000711c00000| PB 0x0000000711c00000| Untracked 
| 143|0x0000000711e00000, 0x0000000712000000, 0x0000000712000000|100%| O|  |TAMS 0x0000000711e00000| PB 0x0000000711e00000| Untracked 
| 144|0x0000000712000000, 0x0000000712200000, 0x0000000712200000|100%| O|  |TAMS 0x0000000712000000| PB 0x0000000712000000| Untracked 
| 145|0x0000000712200000, 0x0000000712400000, 0x0000000712400000|100%| O|  |TAMS 0x0000000712200000| PB 0x0000000712200000| Untracked 
| 146|0x0000000712400000, 0x0000000712600000, 0x0000000712600000|100%| O|  |TAMS 0x0000000712400000| PB 0x0000000712400000| Untracked 
| 147|0x0000000712600000, 0x0000000712800000, 0x0000000712800000|100%| O|  |TAMS 0x0000000712600000| PB 0x0000000712600000| Untracked 
| 148|0x0000000712800000, 0x0000000712a00000, 0x0000000712a00000|100%| O|  |TAMS 0x0000000712800000| PB 0x0000000712800000| Untracked 
| 149|0x0000000712a00000, 0x0000000712c00000, 0x0000000712c00000|100%| O|  |TAMS 0x0000000712a00000| PB 0x0000000712a00000| Untracked 
| 150|0x0000000712c00000, 0x0000000712e00000, 0x0000000712e00000|100%| O|  |TAMS 0x0000000712c00000| PB 0x0000000712c00000| Untracked 
| 151|0x0000000712e00000, 0x0000000713000000, 0x0000000713000000|100%| O|  |TAMS 0x0000000712e00000| PB 0x0000000712e00000| Untracked 
| 152|0x0000000713000000, 0x0000000713200000, 0x0000000713200000|100%| O|  |TAMS 0x0000000713000000| PB 0x0000000713000000| Untracked 
| 153|0x0000000713200000, 0x0000000713400000, 0x0000000713400000|100%| O|Cm|TAMS 0x0000000713200000| PB 0x0000000713200000| Complete 
| 154|0x0000000713400000, 0x0000000713600000, 0x0000000713600000|100%| O|  |TAMS 0x0000000713400000| PB 0x0000000713400000| Untracked 
| 155|0x0000000713600000, 0x0000000713800000, 0x0000000713800000|100%| O|  |TAMS 0x0000000713600000| PB 0x0000000713600000| Untracked 
| 156|0x0000000713800000, 0x0000000713a00000, 0x0000000713a00000|100%| O|  |TAMS 0x0000000713800000| PB 0x0000000713800000| Untracked 
| 157|0x0000000713a00000, 0x0000000713c00000, 0x0000000713c00000|100%| O|  |TAMS 0x0000000713a00000| PB 0x0000000713a00000| Untracked 
| 158|0x0000000713c00000, 0x0000000713e00000, 0x0000000713e00000|100%| O|  |TAMS 0x0000000713c00000| PB 0x0000000713c00000| Untracked 
| 159|0x0000000713e00000, 0x0000000714000000, 0x0000000714000000|100%| O|  |TAMS 0x0000000713e00000| PB 0x0000000713e00000| Untracked 
| 160|0x0000000714000000, 0x0000000714200000, 0x0000000714200000|100%| O|Cm|TAMS 0x0000000714000000| PB 0x0000000714000000| Complete 
| 161|0x0000000714200000, 0x0000000714200000, 0x0000000714400000|  0%| F|  |TAMS 0x0000000714200000| PB 0x0000000714200000| Untracked 
| 162|0x0000000714400000, 0x0000000714400000, 0x0000000714600000|  0%| F|  |TAMS 0x0000000714400000| PB 0x0000000714400000| Untracked 
| 163|0x0000000714600000, 0x0000000714800000, 0x0000000714800000|100%| O|  |TAMS 0x0000000714600000| PB 0x0000000714600000| Untracked 
| 164|0x0000000714800000, 0x0000000714a00000, 0x0000000714a00000|100%| O|  |TAMS 0x0000000714800000| PB 0x0000000714800000| Untracked 
| 165|0x0000000714a00000, 0x0000000714c00000, 0x0000000714c00000|100%| O|  |TAMS 0x0000000714a00000| PB 0x0000000714a00000| Untracked 
| 166|0x0000000714c00000, 0x0000000714c00000, 0x0000000714e00000|  0%| F|  |TAMS 0x0000000714c00000| PB 0x0000000714c00000| Untracked 
| 167|0x0000000714e00000, 0x0000000714e00000, 0x0000000715000000|  0%| F|  |TAMS 0x0000000714e00000| PB 0x0000000714e00000| Untracked 
| 168|0x0000000715000000, 0x0000000715200000, 0x0000000715200000|100%| O|  |TAMS 0x0000000715000000| PB 0x0000000715000000| Untracked 
| 169|0x0000000715200000, 0x0000000715400000, 0x0000000715400000|100%| O|  |TAMS 0x0000000715200000| PB 0x0000000715200000| Untracked 
| 170|0x0000000715400000, 0x0000000715600000, 0x0000000715600000|100%| O|  |TAMS 0x0000000715400000| PB 0x0000000715400000| Untracked 
| 171|0x0000000715600000, 0x0000000715800000, 0x0000000715800000|100%| O|  |TAMS 0x0000000715600000| PB 0x0000000715600000| Untracked 
| 172|0x0000000715800000, 0x0000000715a00000, 0x0000000715a00000|100%| O|  |TAMS 0x0000000715800000| PB 0x0000000715800000| Untracked 
| 173|0x0000000715a00000, 0x0000000715c00000, 0x0000000715c00000|100%| O|  |TAMS 0x0000000715a00000| PB 0x0000000715a00000| Untracked 
| 174|0x0000000715c00000, 0x0000000715e00000, 0x0000000715e00000|100%| O|  |TAMS 0x0000000715c00000| PB 0x0000000715c00000| Untracked 
| 175|0x0000000715e00000, 0x0000000716000000, 0x0000000716000000|100%| O|  |TAMS 0x0000000715e00000| PB 0x0000000715e00000| Untracked 
| 176|0x0000000716000000, 0x0000000716200000, 0x0000000716200000|100%| O|  |TAMS 0x0000000716000000| PB 0x0000000716000000| Untracked 
| 177|0x0000000716200000, 0x0000000716400000, 0x0000000716400000|100%| O|  |TAMS 0x0000000716200000| PB 0x0000000716200000| Untracked 
| 178|0x0000000716400000, 0x0000000716600000, 0x0000000716600000|100%| O|  |TAMS 0x0000000716400000| PB 0x0000000716400000| Untracked 
| 179|0x0000000716600000, 0x0000000716800000, 0x0000000716800000|100%| O|  |TAMS 0x0000000716600000| PB 0x0000000716600000| Untracked 
| 180|0x0000000716800000, 0x0000000716a00000, 0x0000000716a00000|100%| O|  |TAMS 0x0000000716800000| PB 0x0000000716800000| Untracked 
| 181|0x0000000716a00000, 0x0000000716c00000, 0x0000000716c00000|100%| O|  |TAMS 0x0000000716a00000| PB 0x0000000716a00000| Untracked 
| 182|0x0000000716c00000, 0x0000000716e00000, 0x0000000716e00000|100%| O|  |TAMS 0x0000000716c00000| PB 0x0000000716c00000| Untracked 
| 183|0x0000000716e00000, 0x0000000717000000, 0x0000000717000000|100%| O|  |TAMS 0x0000000716e00000| PB 0x0000000716e00000| Untracked 
| 184|0x0000000717000000, 0x0000000717200000, 0x0000000717200000|100%| O|  |TAMS 0x0000000717000000| PB 0x0000000717000000| Untracked 
| 185|0x0000000717200000, 0x0000000717400000, 0x0000000717400000|100%| O|  |TAMS 0x0000000717200000| PB 0x0000000717200000| Untracked 
| 186|0x0000000717400000, 0x0000000717600000, 0x0000000717600000|100%| O|  |TAMS 0x0000000717400000| PB 0x0000000717400000| Untracked 
| 187|0x0000000717600000, 0x0000000717800000, 0x0000000717800000|100%| O|  |TAMS 0x0000000717600000| PB 0x0000000717600000| Untracked 
| 188|0x0000000717800000, 0x0000000717a00000, 0x0000000717a00000|100%| O|  |TAMS 0x0000000717800000| PB 0x0000000717800000| Untracked 
| 189|0x0000000717a00000, 0x0000000717c00000, 0x0000000717c00000|100%| O|  |TAMS 0x0000000717a00000| PB 0x0000000717a00000| Untracked 
| 190|0x0000000717c00000, 0x0000000717e00000, 0x0000000717e00000|100%| O|  |TAMS 0x0000000717c00000| PB 0x0000000717c00000| Untracked 
| 191|0x0000000717e00000, 0x0000000718000000, 0x0000000718000000|100%| O|  |TAMS 0x0000000717e00000| PB 0x0000000717e00000| Untracked 
| 192|0x0000000718000000, 0x0000000718200000, 0x0000000718200000|100%| O|  |TAMS 0x0000000718000000| PB 0x0000000718000000| Untracked 
| 193|0x0000000718200000, 0x0000000718400000, 0x0000000718400000|100%| O|  |TAMS 0x0000000718200000| PB 0x0000000718200000| Untracked 
| 194|0x0000000718400000, 0x0000000718600000, 0x0000000718600000|100%| O|  |TAMS 0x0000000718400000| PB 0x0000000718400000| Untracked 
| 195|0x0000000718600000, 0x0000000718800000, 0x0000000718800000|100%| O|  |TAMS 0x0000000718600000| PB 0x0000000718600000| Untracked 
| 196|0x0000000718800000, 0x0000000718800000, 0x0000000718a00000|  0%| F|  |TAMS 0x0000000718800000| PB 0x0000000718800000| Untracked 
| 197|0x0000000718a00000, 0x0000000718a00000, 0x0000000718c00000|  0%| F|  |TAMS 0x0000000718a00000| PB 0x0000000718a00000| Untracked 
| 198|0x0000000718c00000, 0x0000000718e00000, 0x0000000718e00000|100%| O|  |TAMS 0x0000000718c00000| PB 0x0000000718c00000| Untracked 
| 199|0x0000000718e00000, 0x0000000719000000, 0x0000000719000000|100%| O|  |TAMS 0x0000000718e00000| PB 0x0000000718e00000| Untracked 
| 200|0x0000000719000000, 0x0000000719200000, 0x0000000719200000|100%| O|  |TAMS 0x0000000719000000| PB 0x0000000719000000| Untracked 
| 201|0x0000000719200000, 0x0000000719400000, 0x0000000719400000|100%| O|  |TAMS 0x0000000719200000| PB 0x0000000719200000| Untracked 
| 202|0x0000000719400000, 0x0000000719600000, 0x0000000719600000|100%| O|  |TAMS 0x0000000719400000| PB 0x0000000719400000| Untracked 
| 203|0x0000000719600000, 0x0000000719800000, 0x0000000719800000|100%| O|  |TAMS 0x0000000719600000| PB 0x0000000719600000| Untracked 
| 204|0x0000000719800000, 0x0000000719a00000, 0x0000000719a00000|100%| O|  |TAMS 0x0000000719800000| PB 0x0000000719800000| Untracked 
| 205|0x0000000719a00000, 0x0000000719c00000, 0x0000000719c00000|100%| O|Cm|TAMS 0x0000000719a00000| PB 0x0000000719a00000| Complete 
| 206|0x0000000719c00000, 0x0000000719e00000, 0x0000000719e00000|100%| O|  |TAMS 0x0000000719c00000| PB 0x0000000719c00000| Untracked 
| 207|0x0000000719e00000, 0x000000071a000000, 0x000000071a000000|100%| O|  |TAMS 0x0000000719e00000| PB 0x0000000719e00000| Untracked 
| 208|0x000000071a000000, 0x000000071a200000, 0x000000071a200000|100%| O|  |TAMS 0x000000071a000000| PB 0x000000071a000000| Untracked 
| 209|0x000000071a200000, 0x000000071a400000, 0x000000071a400000|100%| O|  |TAMS 0x000000071a200000| PB 0x000000071a200000| Untracked 
| 210|0x000000071a400000, 0x000000071a600000, 0x000000071a600000|100%| O|  |TAMS 0x000000071a400000| PB 0x000000071a400000| Untracked 
| 211|0x000000071a600000, 0x000000071a800000, 0x000000071a800000|100%| O|  |TAMS 0x000000071a600000| PB 0x000000071a600000| Untracked 
| 212|0x000000071a800000, 0x000000071aa00000, 0x000000071aa00000|100%| O|  |TAMS 0x000000071a800000| PB 0x000000071a800000| Untracked 
| 213|0x000000071aa00000, 0x000000071ac00000, 0x000000071ac00000|100%| O|  |TAMS 0x000000071aa00000| PB 0x000000071aa00000| Untracked 
| 214|0x000000071ac00000, 0x000000071ae00000, 0x000000071ae00000|100%| O|  |TAMS 0x000000071ac00000| PB 0x000000071ac00000| Untracked 
| 215|0x000000071ae00000, 0x000000071b000000, 0x000000071b000000|100%| O|  |TAMS 0x000000071ae00000| PB 0x000000071ae00000| Untracked 
| 216|0x000000071b000000, 0x000000071b200000, 0x000000071b200000|100%| O|  |TAMS 0x000000071b000000| PB 0x000000071b000000| Untracked 
| 217|0x000000071b200000, 0x000000071b400000, 0x000000071b400000|100%| O|  |TAMS 0x000000071b200000| PB 0x000000071b200000| Untracked 
| 218|0x000000071b400000, 0x000000071b600000, 0x000000071b600000|100%| O|Cm|TAMS 0x000000071b400000| PB 0x000000071b400000| Complete 
| 219|0x000000071b600000, 0x000000071b800000, 0x000000071b800000|100%| O|  |TAMS 0x000000071b600000| PB 0x000000071b600000| Untracked 
| 220|0x000000071b800000, 0x000000071ba00000, 0x000000071ba00000|100%| O|Cm|TAMS 0x000000071b800000| PB 0x000000071b800000| Complete 
| 221|0x000000071ba00000, 0x000000071ba00000, 0x000000071bc00000|  0%| F|  |TAMS 0x000000071ba00000| PB 0x000000071ba00000| Untracked 
| 222|0x000000071bc00000, 0x000000071bc00000, 0x000000071be00000|  0%| F|  |TAMS 0x000000071bc00000| PB 0x000000071bc00000| Untracked 
| 223|0x000000071be00000, 0x000000071c000000, 0x000000071c000000|100%| O|  |TAMS 0x000000071be00000| PB 0x000000071be00000| Untracked 
| 224|0x000000071c000000, 0x000000071c200000, 0x000000071c200000|100%| O|  |TAMS 0x000000071c000000| PB 0x000000071c000000| Untracked 
| 225|0x000000071c200000, 0x000000071c400000, 0x000000071c400000|100%| O|  |TAMS 0x000000071c200000| PB 0x000000071c200000| Untracked 
| 226|0x000000071c400000, 0x000000071c600000, 0x000000071c600000|100%| O|  |TAMS 0x000000071c400000| PB 0x000000071c400000| Untracked 
| 227|0x000000071c600000, 0x000000071c800000, 0x000000071c800000|100%| O|  |TAMS 0x000000071c600000| PB 0x000000071c600000| Untracked 
| 228|0x000000071c800000, 0x000000071ca00000, 0x000000071ca00000|100%| O|  |TAMS 0x000000071c800000| PB 0x000000071c800000| Untracked 
| 229|0x000000071ca00000, 0x000000071cc00000, 0x000000071cc00000|100%| O|  |TAMS 0x000000071ca00000| PB 0x000000071ca00000| Untracked 
| 230|0x000000071cc00000, 0x000000071ce00000, 0x000000071ce00000|100%| O|  |TAMS 0x000000071cc00000| PB 0x000000071cc00000| Untracked 
| 231|0x000000071ce00000, 0x000000071d000000, 0x000000071d000000|100%| O|Cm|TAMS 0x000000071ce00000| PB 0x000000071ce00000| Complete 
| 232|0x000000071d000000, 0x000000071d200000, 0x000000071d200000|100%| O|  |TAMS 0x000000071d000000| PB 0x000000071d000000| Untracked 
| 233|0x000000071d200000, 0x000000071d400000, 0x000000071d400000|100%| O|  |TAMS 0x000000071d200000| PB 0x000000071d200000| Untracked 
| 234|0x000000071d400000, 0x000000071d600000, 0x000000071d600000|100%| O|  |TAMS 0x000000071d400000| PB 0x000000071d400000| Untracked 
| 235|0x000000071d600000, 0x000000071d800000, 0x000000071d800000|100%| O|  |TAMS 0x000000071d600000| PB 0x000000071d600000| Untracked 
| 236|0x000000071d800000, 0x000000071da00000, 0x000000071da00000|100%| O|  |TAMS 0x000000071d800000| PB 0x000000071d800000| Untracked 
| 237|0x000000071da00000, 0x000000071dc00000, 0x000000071dc00000|100%|HS|  |TAMS 0x000000071da00000| PB 0x000000071da00000| Complete 
| 238|0x000000071dc00000, 0x000000071de00000, 0x000000071de00000|100%|HC|  |TAMS 0x000000071dc00000| PB 0x000000071dc00000| Complete 
| 239|0x000000071de00000, 0x000000071e000000, 0x000000071e000000|100%|HC|  |TAMS 0x000000071de00000| PB 0x000000071de00000| Complete 
| 240|0x000000071e000000, 0x000000071e000000, 0x000000071e200000|  0%| F|  |TAMS 0x000000071e000000| PB 0x000000071e000000| Untracked 
| 241|0x000000071e200000, 0x000000071e200000, 0x000000071e400000|  0%| F|  |TAMS 0x000000071e200000| PB 0x000000071e200000| Untracked 
| 242|0x000000071e400000, 0x000000071e400000, 0x000000071e600000|  0%| F|  |TAMS 0x000000071e400000| PB 0x000000071e400000| Untracked 
| 243|0x000000071e600000, 0x000000071e600000, 0x000000071e800000|  0%| F|  |TAMS 0x000000071e600000| PB 0x000000071e600000| Untracked 
| 244|0x000000071e800000, 0x000000071e800000, 0x000000071ea00000|  0%| F|  |TAMS 0x000000071e800000| PB 0x000000071e800000| Untracked 
| 245|0x000000071ea00000, 0x000000071ebf13e0, 0x000000071ec00000| 97%| O|  |TAMS 0x000000071ea00000| PB 0x000000071ea00000| Untracked 
| 246|0x000000071ec00000, 0x000000071ec00000, 0x000000071ee00000|  0%| F|  |TAMS 0x000000071ec00000| PB 0x000000071ec00000| Untracked 
| 247|0x000000071ee00000, 0x000000071ee00000, 0x000000071f000000|  0%| F|  |TAMS 0x000000071ee00000| PB 0x000000071ee00000| Untracked 
| 248|0x000000071f000000, 0x000000071f000000, 0x000000071f200000|  0%| F|  |TAMS 0x000000071f000000| PB 0x000000071f000000| Untracked 
| 249|0x000000071f200000, 0x000000071f200000, 0x000000071f400000|  0%| F|  |TAMS 0x000000071f200000| PB 0x000000071f200000| Untracked 
| 250|0x000000071f400000, 0x000000071f400000, 0x000000071f600000|  0%| F|  |TAMS 0x000000071f400000| PB 0x000000071f400000| Untracked 
| 251|0x000000071f600000, 0x000000071f600000, 0x000000071f800000|  0%| F|  |TAMS 0x000000071f600000| PB 0x000000071f600000| Untracked 
| 252|0x000000071f800000, 0x000000071f800000, 0x000000071fa00000|  0%| F|  |TAMS 0x000000071f800000| PB 0x000000071f800000| Untracked 
| 253|0x000000071fa00000, 0x000000071fa00000, 0x000000071fc00000|  0%| F|  |TAMS 0x000000071fa00000| PB 0x000000071fa00000| Untracked 
| 254|0x000000071fc00000, 0x000000071fc00000, 0x000000071fe00000|  0%| F|  |TAMS 0x000000071fc00000| PB 0x000000071fc00000| Untracked 
| 255|0x000000071fe00000, 0x000000071fe00000, 0x0000000720000000|  0%| F|  |TAMS 0x000000071fe00000| PB 0x000000071fe00000| Untracked 
| 256|0x0000000720000000, 0x0000000720000000, 0x0000000720200000|  0%| F|  |TAMS 0x0000000720000000| PB 0x0000000720000000| Untracked 
| 257|0x0000000720200000, 0x0000000720200000, 0x0000000720400000|  0%| F|  |TAMS 0x0000000720200000| PB 0x0000000720200000| Untracked 
| 258|0x0000000720400000, 0x0000000720400000, 0x0000000720600000|  0%| F|  |TAMS 0x0000000720400000| PB 0x0000000720400000| Untracked 
| 259|0x0000000720600000, 0x0000000720600000, 0x0000000720800000|  0%| F|  |TAMS 0x0000000720600000| PB 0x0000000720600000| Untracked 
| 260|0x0000000720800000, 0x0000000720800000, 0x0000000720a00000|  0%| F|  |TAMS 0x0000000720800000| PB 0x0000000720800000| Untracked 
| 261|0x0000000720a00000, 0x0000000720a00000, 0x0000000720c00000|  0%| F|  |TAMS 0x0000000720a00000| PB 0x0000000720a00000| Untracked 
| 262|0x0000000720c00000, 0x0000000720d0a9d0, 0x0000000720e00000| 52%| S|CS|TAMS 0x0000000720c00000| PB 0x0000000720c00000| Complete 
| 263|0x0000000720e00000, 0x0000000721000000, 0x0000000721000000|100%| S|CS|TAMS 0x0000000720e00000| PB 0x0000000720e00000| Complete 
| 264|0x0000000721000000, 0x0000000721200000, 0x0000000721200000|100%| S|CS|TAMS 0x0000000721000000| PB 0x0000000721000000| Complete 
| 265|0x0000000721200000, 0x0000000721400000, 0x0000000721400000|100%| S|CS|TAMS 0x0000000721200000| PB 0x0000000721200000| Complete 
| 266|0x0000000721400000, 0x0000000721600000, 0x0000000721600000|100%| S|CS|TAMS 0x0000000721400000| PB 0x0000000721400000| Complete 
| 267|0x0000000721600000, 0x0000000721600000, 0x0000000721800000|  0%| F|  |TAMS 0x0000000721600000| PB 0x0000000721600000| Untracked 
| 268|0x0000000721800000, 0x0000000721800000, 0x0000000721a00000|  0%| F|  |TAMS 0x0000000721800000| PB 0x0000000721800000| Untracked 
| 269|0x0000000721a00000, 0x0000000721a00000, 0x0000000721c00000|  0%| F|  |TAMS 0x0000000721a00000| PB 0x0000000721a00000| Untracked 
| 270|0x0000000721c00000, 0x0000000721c00000, 0x0000000721e00000|  0%| F|  |TAMS 0x0000000721c00000| PB 0x0000000721c00000| Untracked 
| 271|0x0000000721e00000, 0x0000000721e00000, 0x0000000722000000|  0%| F|  |TAMS 0x0000000721e00000| PB 0x0000000721e00000| Untracked 
| 272|0x0000000722000000, 0x0000000722000000, 0x0000000722200000|  0%| F|  |TAMS 0x0000000722000000| PB 0x0000000722000000| Untracked 
| 273|0x0000000722200000, 0x0000000722200000, 0x0000000722400000|  0%| F|  |TAMS 0x0000000722200000| PB 0x0000000722200000| Untracked 
| 274|0x0000000722400000, 0x0000000722400000, 0x0000000722600000|  0%| F|  |TAMS 0x0000000722400000| PB 0x0000000722400000| Untracked 
| 275|0x0000000722600000, 0x0000000722600000, 0x0000000722800000|  0%| F|  |TAMS 0x0000000722600000| PB 0x0000000722600000| Untracked 
| 276|0x0000000722800000, 0x0000000722800000, 0x0000000722a00000|  0%| F|  |TAMS 0x0000000722800000| PB 0x0000000722800000| Untracked 
| 277|0x0000000722a00000, 0x0000000722a00000, 0x0000000722c00000|  0%| F|  |TAMS 0x0000000722a00000| PB 0x0000000722a00000| Untracked 
| 278|0x0000000722c00000, 0x0000000722c00000, 0x0000000722e00000|  0%| F|  |TAMS 0x0000000722c00000| PB 0x0000000722c00000| Untracked 
| 279|0x0000000722e00000, 0x0000000722e00000, 0x0000000723000000|  0%| F|  |TAMS 0x0000000722e00000| PB 0x0000000722e00000| Untracked 
| 280|0x0000000723000000, 0x0000000723000000, 0x0000000723200000|  0%| F|  |TAMS 0x0000000723000000| PB 0x0000000723000000| Untracked 
| 281|0x0000000723200000, 0x0000000723200000, 0x0000000723400000|  0%| F|  |TAMS 0x0000000723200000| PB 0x0000000723200000| Untracked 
| 282|0x0000000723400000, 0x0000000723400000, 0x0000000723600000|  0%| F|  |TAMS 0x0000000723400000| PB 0x0000000723400000| Untracked 
| 283|0x0000000723600000, 0x0000000723600000, 0x0000000723800000|  0%| F|  |TAMS 0x0000000723600000| PB 0x0000000723600000| Untracked 
| 284|0x0000000723800000, 0x0000000723800000, 0x0000000723a00000|  0%| F|  |TAMS 0x0000000723800000| PB 0x0000000723800000| Untracked 
| 285|0x0000000723a00000, 0x0000000723a00000, 0x0000000723c00000|  0%| F|  |TAMS 0x0000000723a00000| PB 0x0000000723a00000| Untracked 
| 286|0x0000000723c00000, 0x0000000723c00000, 0x0000000723e00000|  0%| F|  |TAMS 0x0000000723c00000| PB 0x0000000723c00000| Untracked 
| 287|0x0000000723e00000, 0x0000000723e00000, 0x0000000724000000|  0%| F|  |TAMS 0x0000000723e00000| PB 0x0000000723e00000| Untracked 
| 288|0x0000000724000000, 0x0000000724000000, 0x0000000724200000|  0%| F|  |TAMS 0x0000000724000000| PB 0x0000000724000000| Untracked 
| 289|0x0000000724200000, 0x0000000724200000, 0x0000000724400000|  0%| F|  |TAMS 0x0000000724200000| PB 0x0000000724200000| Untracked 
| 290|0x0000000724400000, 0x0000000724400000, 0x0000000724600000|  0%| F|  |TAMS 0x0000000724400000| PB 0x0000000724400000| Untracked 
| 291|0x0000000724600000, 0x0000000724600000, 0x0000000724800000|  0%| F|  |TAMS 0x0000000724600000| PB 0x0000000724600000| Untracked 
| 292|0x0000000724800000, 0x0000000724800000, 0x0000000724a00000|  0%| F|  |TAMS 0x0000000724800000| PB 0x0000000724800000| Untracked 
| 293|0x0000000724a00000, 0x0000000724a00000, 0x0000000724c00000|  0%| F|  |TAMS 0x0000000724a00000| PB 0x0000000724a00000| Untracked 
| 294|0x0000000724c00000, 0x0000000724c00000, 0x0000000724e00000|  0%| F|  |TAMS 0x0000000724c00000| PB 0x0000000724c00000| Untracked 
| 295|0x0000000724e00000, 0x0000000724e00000, 0x0000000725000000|  0%| F|  |TAMS 0x0000000724e00000| PB 0x0000000724e00000| Untracked 
| 296|0x0000000725000000, 0x0000000725000000, 0x0000000725200000|  0%| F|  |TAMS 0x0000000725000000| PB 0x0000000725000000| Untracked 
| 297|0x0000000725200000, 0x0000000725200000, 0x0000000725400000|  0%| F|  |TAMS 0x0000000725200000| PB 0x0000000725200000| Untracked 
| 298|0x0000000725400000, 0x0000000725400000, 0x0000000725600000|  0%| F|  |TAMS 0x0000000725400000| PB 0x0000000725400000| Untracked 
| 299|0x0000000725600000, 0x0000000725600000, 0x0000000725800000|  0%| F|  |TAMS 0x0000000725600000| PB 0x0000000725600000| Untracked 
| 300|0x0000000725800000, 0x0000000725800000, 0x0000000725a00000|  0%| F|  |TAMS 0x0000000725800000| PB 0x0000000725800000| Untracked 
| 301|0x0000000725a00000, 0x0000000725a00000, 0x0000000725c00000|  0%| F|  |TAMS 0x0000000725a00000| PB 0x0000000725a00000| Untracked 
| 302|0x0000000725c00000, 0x0000000725c00000, 0x0000000725e00000|  0%| F|  |TAMS 0x0000000725c00000| PB 0x0000000725c00000| Untracked 
| 303|0x0000000725e00000, 0x0000000725e00000, 0x0000000726000000|  0%| F|  |TAMS 0x0000000725e00000| PB 0x0000000725e00000| Untracked 
| 304|0x0000000726000000, 0x0000000726000000, 0x0000000726200000|  0%| F|  |TAMS 0x0000000726000000| PB 0x0000000726000000| Untracked 
| 305|0x0000000726200000, 0x0000000726200000, 0x0000000726400000|  0%| F|  |TAMS 0x0000000726200000| PB 0x0000000726200000| Untracked 
| 306|0x0000000726400000, 0x0000000726400000, 0x0000000726600000|  0%| F|  |TAMS 0x0000000726400000| PB 0x0000000726400000| Untracked 
| 307|0x0000000726600000, 0x0000000726600000, 0x0000000726800000|  0%| F|  |TAMS 0x0000000726600000| PB 0x0000000726600000| Untracked 
| 308|0x0000000726800000, 0x0000000726800000, 0x0000000726a00000|  0%| F|  |TAMS 0x0000000726800000| PB 0x0000000726800000| Untracked 
| 309|0x0000000726a00000, 0x0000000726a00000, 0x0000000726c00000|  0%| F|  |TAMS 0x0000000726a00000| PB 0x0000000726a00000| Untracked 
| 310|0x0000000726c00000, 0x0000000726c00000, 0x0000000726e00000|  0%| F|  |TAMS 0x0000000726c00000| PB 0x0000000726c00000| Untracked 
| 311|0x0000000726e00000, 0x0000000726e00000, 0x0000000727000000|  0%| F|  |TAMS 0x0000000726e00000| PB 0x0000000726e00000| Untracked 
| 312|0x0000000727000000, 0x0000000727000000, 0x0000000727200000|  0%| F|  |TAMS 0x0000000727000000| PB 0x0000000727000000| Untracked 
| 313|0x0000000727200000, 0x0000000727200000, 0x0000000727400000|  0%| F|  |TAMS 0x0000000727200000| PB 0x0000000727200000| Untracked 
| 314|0x0000000727400000, 0x0000000727400000, 0x0000000727600000|  0%| F|  |TAMS 0x0000000727400000| PB 0x0000000727400000| Untracked 
| 315|0x0000000727600000, 0x0000000727600000, 0x0000000727800000|  0%| F|  |TAMS 0x0000000727600000| PB 0x0000000727600000| Untracked 
| 316|0x0000000727800000, 0x0000000727800000, 0x0000000727a00000|  0%| F|  |TAMS 0x0000000727800000| PB 0x0000000727800000| Untracked 
| 317|0x0000000727a00000, 0x0000000727a00000, 0x0000000727c00000|  0%| F|  |TAMS 0x0000000727a00000| PB 0x0000000727a00000| Untracked 
| 318|0x0000000727c00000, 0x0000000727c00000, 0x0000000727e00000|  0%| F|  |TAMS 0x0000000727c00000| PB 0x0000000727c00000| Untracked 
| 319|0x0000000727e00000, 0x0000000727e00000, 0x0000000728000000|  0%| F|  |TAMS 0x0000000727e00000| PB 0x0000000727e00000| Untracked 
| 320|0x0000000728000000, 0x0000000728000000, 0x0000000728200000|  0%| F|  |TAMS 0x0000000728000000| PB 0x0000000728000000| Untracked 
| 321|0x0000000728200000, 0x0000000728200000, 0x0000000728400000|  0%| F|  |TAMS 0x0000000728200000| PB 0x0000000728200000| Untracked 
| 322|0x0000000728400000, 0x0000000728400000, 0x0000000728600000|  0%| F|  |TAMS 0x0000000728400000| PB 0x0000000728400000| Untracked 
| 323|0x0000000728600000, 0x0000000728600000, 0x0000000728800000|  0%| F|  |TAMS 0x0000000728600000| PB 0x0000000728600000| Untracked 
| 324|0x0000000728800000, 0x0000000728800000, 0x0000000728a00000|  0%| F|  |TAMS 0x0000000728800000| PB 0x0000000728800000| Untracked 
| 325|0x0000000728a00000, 0x0000000728a00000, 0x0000000728c00000|  0%| F|  |TAMS 0x0000000728a00000| PB 0x0000000728a00000| Untracked 
| 326|0x0000000728c00000, 0x0000000728c00000, 0x0000000728e00000|  0%| F|  |TAMS 0x0000000728c00000| PB 0x0000000728c00000| Untracked 
| 327|0x0000000728e00000, 0x0000000728e00000, 0x0000000729000000|  0%| F|  |TAMS 0x0000000728e00000| PB 0x0000000728e00000| Untracked 
| 328|0x0000000729000000, 0x0000000729000000, 0x0000000729200000|  0%| F|  |TAMS 0x0000000729000000| PB 0x0000000729000000| Untracked 
| 329|0x0000000729200000, 0x0000000729200000, 0x0000000729400000|  0%| F|  |TAMS 0x0000000729200000| PB 0x0000000729200000| Untracked 
| 330|0x0000000729400000, 0x0000000729400000, 0x0000000729600000|  0%| F|  |TAMS 0x0000000729400000| PB 0x0000000729400000| Untracked 
| 331|0x0000000729600000, 0x0000000729600000, 0x0000000729800000|  0%| F|  |TAMS 0x0000000729600000| PB 0x0000000729600000| Untracked 
| 332|0x0000000729800000, 0x0000000729800000, 0x0000000729a00000|  0%| F|  |TAMS 0x0000000729800000| PB 0x0000000729800000| Untracked 
| 333|0x0000000729a00000, 0x0000000729a00000, 0x0000000729c00000|  0%| F|  |TAMS 0x0000000729a00000| PB 0x0000000729a00000| Untracked 
| 334|0x0000000729c00000, 0x0000000729c00000, 0x0000000729e00000|  0%| F|  |TAMS 0x0000000729c00000| PB 0x0000000729c00000| Untracked 
| 335|0x0000000729e00000, 0x0000000729e00000, 0x000000072a000000|  0%| F|  |TAMS 0x0000000729e00000| PB 0x0000000729e00000| Untracked 
| 336|0x000000072a000000, 0x000000072a000000, 0x000000072a200000|  0%| F|  |TAMS 0x000000072a000000| PB 0x000000072a000000| Untracked 
| 337|0x000000072a200000, 0x000000072a200000, 0x000000072a400000|  0%| F|  |TAMS 0x000000072a200000| PB 0x000000072a200000| Untracked 
| 338|0x000000072a400000, 0x000000072a400000, 0x000000072a600000|  0%| F|  |TAMS 0x000000072a400000| PB 0x000000072a400000| Untracked 
| 339|0x000000072a600000, 0x000000072a600000, 0x000000072a800000|  0%| F|  |TAMS 0x000000072a600000| PB 0x000000072a600000| Untracked 
| 340|0x000000072a800000, 0x000000072a800000, 0x000000072aa00000|  0%| F|  |TAMS 0x000000072a800000| PB 0x000000072a800000| Untracked 
| 341|0x000000072aa00000, 0x000000072aa00000, 0x000000072ac00000|  0%| F|  |TAMS 0x000000072aa00000| PB 0x000000072aa00000| Untracked 
| 342|0x000000072ac00000, 0x000000072ac00000, 0x000000072ae00000|  0%| F|  |TAMS 0x000000072ac00000| PB 0x000000072ac00000| Untracked 
| 343|0x000000072ae00000, 0x000000072ae00000, 0x000000072b000000|  0%| F|  |TAMS 0x000000072ae00000| PB 0x000000072ae00000| Untracked 
| 344|0x000000072b000000, 0x000000072b000000, 0x000000072b200000|  0%| F|  |TAMS 0x000000072b000000| PB 0x000000072b000000| Untracked 
| 345|0x000000072b200000, 0x000000072b200000, 0x000000072b400000|  0%| F|  |TAMS 0x000000072b200000| PB 0x000000072b200000| Untracked 
| 346|0x000000072b400000, 0x000000072b400000, 0x000000072b600000|  0%| F|  |TAMS 0x000000072b400000| PB 0x000000072b400000| Untracked 
| 347|0x000000072b600000, 0x000000072b600000, 0x000000072b800000|  0%| F|  |TAMS 0x000000072b600000| PB 0x000000072b600000| Untracked 
| 348|0x000000072b800000, 0x000000072b800000, 0x000000072ba00000|  0%| F|  |TAMS 0x000000072b800000| PB 0x000000072b800000| Untracked 
| 349|0x000000072ba00000, 0x000000072ba00000, 0x000000072bc00000|  0%| F|  |TAMS 0x000000072ba00000| PB 0x000000072ba00000| Untracked 
| 350|0x000000072bc00000, 0x000000072bc00000, 0x000000072be00000|  0%| F|  |TAMS 0x000000072bc00000| PB 0x000000072bc00000| Untracked 
| 351|0x000000072be00000, 0x000000072be00000, 0x000000072c000000|  0%| F|  |TAMS 0x000000072be00000| PB 0x000000072be00000| Untracked 
| 352|0x000000072c000000, 0x000000072c000000, 0x000000072c200000|  0%| F|  |TAMS 0x000000072c000000| PB 0x000000072c000000| Untracked 
| 353|0x000000072c200000, 0x000000072c200000, 0x000000072c400000|  0%| F|  |TAMS 0x000000072c200000| PB 0x000000072c200000| Untracked 
| 354|0x000000072c400000, 0x000000072c400000, 0x000000072c600000|  0%| F|  |TAMS 0x000000072c400000| PB 0x000000072c400000| Untracked 
| 355|0x000000072c600000, 0x000000072c600000, 0x000000072c800000|  0%| F|  |TAMS 0x000000072c600000| PB 0x000000072c600000| Untracked 
| 356|0x000000072c800000, 0x000000072c800000, 0x000000072ca00000|  0%| F|  |TAMS 0x000000072c800000| PB 0x000000072c800000| Untracked 
| 357|0x000000072ca00000, 0x000000072ca00000, 0x000000072cc00000|  0%| F|  |TAMS 0x000000072ca00000| PB 0x000000072ca00000| Untracked 
| 358|0x000000072cc00000, 0x000000072cc00000, 0x000000072ce00000|  0%| F|  |TAMS 0x000000072cc00000| PB 0x000000072cc00000| Untracked 
| 359|0x000000072ce00000, 0x000000072ce00000, 0x000000072d000000|  0%| F|  |TAMS 0x000000072ce00000| PB 0x000000072ce00000| Untracked 
| 360|0x000000072d000000, 0x000000072d000000, 0x000000072d200000|  0%| F|  |TAMS 0x000000072d000000| PB 0x000000072d000000| Untracked 
| 361|0x000000072d200000, 0x000000072d200000, 0x000000072d400000|  0%| F|  |TAMS 0x000000072d200000| PB 0x000000072d200000| Untracked 
| 362|0x000000072d400000, 0x000000072d400000, 0x000000072d600000|  0%| F|  |TAMS 0x000000072d400000| PB 0x000000072d400000| Untracked 
| 363|0x000000072d600000, 0x000000072d600000, 0x000000072d800000|  0%| F|  |TAMS 0x000000072d600000| PB 0x000000072d600000| Untracked 
| 364|0x000000072d800000, 0x000000072d800000, 0x000000072da00000|  0%| F|  |TAMS 0x000000072d800000| PB 0x000000072d800000| Untracked 
| 365|0x000000072da00000, 0x000000072da00000, 0x000000072dc00000|  0%| F|  |TAMS 0x000000072da00000| PB 0x000000072da00000| Untracked 
| 366|0x000000072dc00000, 0x000000072dc00000, 0x000000072de00000|  0%| F|  |TAMS 0x000000072dc00000| PB 0x000000072dc00000| Untracked 
| 367|0x000000072de00000, 0x000000072de00000, 0x000000072e000000|  0%| F|  |TAMS 0x000000072de00000| PB 0x000000072de00000| Untracked 
| 368|0x000000072e000000, 0x000000072e000000, 0x000000072e200000|  0%| F|  |TAMS 0x000000072e000000| PB 0x000000072e000000| Untracked 
| 369|0x000000072e200000, 0x000000072e200000, 0x000000072e400000|  0%| F|  |TAMS 0x000000072e200000| PB 0x000000072e200000| Untracked 
| 370|0x000000072e400000, 0x000000072e5e8858, 0x000000072e600000| 95%| E|  |TAMS 0x000000072e400000| PB 0x000000072e400000| Complete 
| 371|0x000000072e600000, 0x000000072e800000, 0x000000072e800000|100%| E|CS|TAMS 0x000000072e600000| PB 0x000000072e600000| Complete 
| 372|0x000000072e800000, 0x000000072ea00000, 0x000000072ea00000|100%| E|CS|TAMS 0x000000072e800000| PB 0x000000072e800000| Complete 
| 373|0x000000072ea00000, 0x000000072ec00000, 0x000000072ec00000|100%| E|CS|TAMS 0x000000072ea00000| PB 0x000000072ea00000| Complete 
| 374|0x000000072ec00000, 0x000000072ee00000, 0x000000072ee00000|100%| E|CS|TAMS 0x000000072ec00000| PB 0x000000072ec00000| Complete 
| 375|0x000000072ee00000, 0x000000072f000000, 0x000000072f000000|100%| E|CS|TAMS 0x000000072ee00000| PB 0x000000072ee00000| Complete 
| 376|0x000000072f000000, 0x000000072f200000, 0x000000072f200000|100%| E|CS|TAMS 0x000000072f000000| PB 0x000000072f000000| Complete 
| 377|0x000000072f200000, 0x000000072f400000, 0x000000072f400000|100%| E|CS|TAMS 0x000000072f200000| PB 0x000000072f200000| Complete 
| 378|0x000000072f400000, 0x000000072f600000, 0x000000072f600000|100%| E|CS|TAMS 0x000000072f400000| PB 0x000000072f400000| Complete 
| 379|0x000000072f600000, 0x000000072f800000, 0x000000072f800000|100%| E|CS|TAMS 0x000000072f600000| PB 0x000000072f600000| Complete 
| 380|0x000000072f800000, 0x000000072fa00000, 0x000000072fa00000|100%| E|CS|TAMS 0x000000072f800000| PB 0x000000072f800000| Complete 
| 381|0x000000072fa00000, 0x000000072fc00000, 0x000000072fc00000|100%| E|CS|TAMS 0x000000072fa00000| PB 0x000000072fa00000| Complete 
| 382|0x000000072fc00000, 0x000000072fe00000, 0x000000072fe00000|100%| E|CS|TAMS 0x000000072fc00000| PB 0x000000072fc00000| Complete 
| 383|0x000000072fe00000, 0x0000000730000000, 0x0000000730000000|100%| E|CS|TAMS 0x000000072fe00000| PB 0x000000072fe00000| Complete 
| 384|0x0000000730000000, 0x0000000730200000, 0x0000000730200000|100%| E|CS|TAMS 0x0000000730000000| PB 0x0000000730000000| Complete 
| 385|0x0000000730200000, 0x0000000730400000, 0x0000000730400000|100%| E|CS|TAMS 0x0000000730200000| PB 0x0000000730200000| Complete 
| 386|0x0000000730400000, 0x0000000730600000, 0x0000000730600000|100%| E|CS|TAMS 0x0000000730400000| PB 0x0000000730400000| Complete 
| 387|0x0000000730600000, 0x0000000730800000, 0x0000000730800000|100%| E|CS|TAMS 0x0000000730600000| PB 0x0000000730600000| Complete 
| 388|0x0000000730800000, 0x0000000730a00000, 0x0000000730a00000|100%| E|CS|TAMS 0x0000000730800000| PB 0x0000000730800000| Complete 
| 389|0x0000000730a00000, 0x0000000730c00000, 0x0000000730c00000|100%| E|CS|TAMS 0x0000000730a00000| PB 0x0000000730a00000| Complete 
| 390|0x0000000730c00000, 0x0000000730e00000, 0x0000000730e00000|100%| E|CS|TAMS 0x0000000730c00000| PB 0x0000000730c00000| Complete 
| 391|0x0000000730e00000, 0x0000000731000000, 0x0000000731000000|100%| E|CS|TAMS 0x0000000730e00000| PB 0x0000000730e00000| Complete 
| 392|0x0000000731000000, 0x0000000731200000, 0x0000000731200000|100%| E|CS|TAMS 0x0000000731000000| PB 0x0000000731000000| Complete 
| 393|0x0000000731200000, 0x0000000731400000, 0x0000000731400000|100%| E|CS|TAMS 0x0000000731200000| PB 0x0000000731200000| Complete 
| 394|0x0000000731400000, 0x0000000731600000, 0x0000000731600000|100%| E|CS|TAMS 0x0000000731400000| PB 0x0000000731400000| Complete 
| 395|0x0000000731600000, 0x0000000731800000, 0x0000000731800000|100%| E|CS|TAMS 0x0000000731600000| PB 0x0000000731600000| Complete 
| 396|0x0000000731800000, 0x0000000731a00000, 0x0000000731a00000|100%| E|CS|TAMS 0x0000000731800000| PB 0x0000000731800000| Complete 
| 397|0x0000000731a00000, 0x0000000731c00000, 0x0000000731c00000|100%| E|CS|TAMS 0x0000000731a00000| PB 0x0000000731a00000| Complete 
| 398|0x0000000731c00000, 0x0000000731e00000, 0x0000000731e00000|100%| E|CS|TAMS 0x0000000731c00000| PB 0x0000000731c00000| Complete 
| 399|0x0000000731e00000, 0x0000000732000000, 0x0000000732000000|100%| E|CS|TAMS 0x0000000731e00000| PB 0x0000000731e00000| Complete 
| 400|0x0000000732000000, 0x0000000732200000, 0x0000000732200000|100%| E|CS|TAMS 0x0000000732000000| PB 0x0000000732000000| Complete 
| 401|0x0000000732200000, 0x0000000732400000, 0x0000000732400000|100%| E|CS|TAMS 0x0000000732200000| PB 0x0000000732200000| Complete 
| 402|0x0000000732400000, 0x0000000732600000, 0x0000000732600000|100%| E|CS|TAMS 0x0000000732400000| PB 0x0000000732400000| Complete 
| 403|0x0000000732600000, 0x0000000732800000, 0x0000000732800000|100%| E|CS|TAMS 0x0000000732600000| PB 0x0000000732600000| Complete 
|2034|0x00000007fe400000, 0x00000007fe600000, 0x00000007fe600000|100%| O|  |TAMS 0x00000007fe400000| PB 0x00000007fe400000| Untracked 
|2035|0x00000007fe600000, 0x00000007fe800000, 0x00000007fe800000|100%| E|CS|TAMS 0x00000007fe600000| PB 0x00000007fe600000| Complete 
|2036|0x00000007fe800000, 0x00000007fea00000, 0x00000007fea00000|100%| E|CS|TAMS 0x00000007fe800000| PB 0x00000007fe800000| Complete 
|2037|0x00000007fea00000, 0x00000007fec00000, 0x00000007fec00000|100%| O|  |TAMS 0x00000007fea00000| PB 0x00000007fea00000| Untracked 
|2038|0x00000007fec00000, 0x00000007fee00000, 0x00000007fee00000|100%| E|CS|TAMS 0x00000007fec00000| PB 0x00000007fec00000| Complete 
|2039|0x00000007fee00000, 0x00000007ff000000, 0x00000007ff000000|100%| E|CS|TAMS 0x00000007fee00000| PB 0x00000007fee00000| Complete 
|2040|0x00000007ff000000, 0x00000007ff200000, 0x00000007ff200000|100%| E|CS|TAMS 0x00000007ff000000| PB 0x00000007ff000000| Complete 
|2041|0x00000007ff200000, 0x00000007ff400000, 0x00000007ff400000|100%| E|CS|TAMS 0x00000007ff200000| PB 0x00000007ff200000| Complete 
|2042|0x00000007ff400000, 0x00000007ff600000, 0x00000007ff600000|100%| E|CS|TAMS 0x00000007ff400000| PB 0x00000007ff400000| Complete 
|2043|0x00000007ff600000, 0x00000007ff800000, 0x00000007ff800000|100%| E|CS|TAMS 0x00000007ff600000| PB 0x00000007ff600000| Complete 
|2044|0x00000007ff800000, 0x00000007ffa00000, 0x00000007ffa00000|100%| O|  |TAMS 0x00000007ff800000| PB 0x00000007ff800000| Untracked 
|2045|0x00000007ffa00000, 0x00000007ffc00000, 0x00000007ffc00000|100%| O|  |TAMS 0x00000007ffa00000| PB 0x00000007ffa00000| Untracked 
|2046|0x00000007ffc00000, 0x00000007ffe00000, 0x00000007ffe00000|100%| O|  |TAMS 0x00000007ffc00000| PB 0x00000007ffc00000| Untracked 
|2047|0x00000007ffe00000, 0x0000000800000000, 0x0000000800000000|100%| O|  |TAMS 0x00000007ffe00000| PB 0x00000007ffe00000| Untracked 

Card table byte_map: [0x00000258dd030000,0x00000258dd830000] _byte_map_base: 0x00000258d9830000

Marking Bits: (CMBitMap*) 0x00000258ca1f4970
 Bits: [0x00000258dd830000, 0x00000258e1830000)

Polling page: 0x00000258c7fd0000

Metaspace:

Usage:
  Non-class:    194.22 MB used.
      Class:     28.84 MB used.
       Both:    223.06 MB used.

Virtual space:
  Non-class space:      256.00 MB reserved,     195.62 MB ( 76%) committed,  4 nodes.
      Class space:        1.00 GB reserved,      30.19 MB (  3%) committed,  1 nodes.
             Both:        1.25 GB reserved,     225.81 MB ( 18%) committed. 

Chunk freelists:
   Non-Class:  12.12 MB
       Class:  1.69 MB
        Both:  13.82 MB

MaxMetaspaceSize: unlimited
CompressedClassSpaceSize: 1.00 GB
Initial GC threshold: 21.00 MB
Current GC threshold: 367.31 MB
CDS: off
 - commit_granule_bytes: 65536.
 - commit_granule_words: 8192.
 - virtual_space_node_default_size: 8388608.
 - enlarge_chunks_in_place: 1.
 - use_allocation_guard: 0.


Internal statistics:

num_allocs_failed_limit: 6.
num_arena_births: 5638.
num_arena_deaths: 10.
num_vsnodes_births: 5.
num_vsnodes_deaths: 0.
num_space_committed: 3610.
num_space_uncommitted: 0.
num_chunks_returned_to_freelist: 25.
num_chunks_taken_from_freelist: 14791.
num_chunk_merges: 7.
num_chunk_splits: 10318.
num_chunks_enlarged: 7282.
num_inconsistent_stats: 0.

CodeHeap 'non-profiled nmethods': size=120000Kb used=18950Kb max_used=22804Kb free=101049Kb
 bounds [0x00000258d4db0000, 0x00000258d6400000, 0x00000258dc2e0000]
CodeHeap 'profiled nmethods': size=120000Kb used=46803Kb max_used=58998Kb free=73196Kb
 bounds [0x00000258cd2e0000, 0x00000258d0c80000, 0x00000258d4810000]
CodeHeap 'non-nmethods': size=5760Kb used=3306Kb max_used=3398Kb free=2453Kb
 bounds [0x00000258d4810000, 0x00000258d4b80000, 0x00000258d4db0000]
CodeCache: size=245760Kb, used=69059Kb, max_used=85200Kb, free=176698Kb
 total_blobs=21678, nmethods=20369, adapters=1208, full_count=0
Compilation: enabled, stopped_count=0, restarted_count=0

Compilation events (20 events):
Event: 492.808 Thread 0x00000258e46e1e30 nmethod 35383 0x00000258cdd17f90 code [0x00000258cdd18140, 0x00000258cdd183a8]
Event: 493.294 Thread 0x00000258e46e1e30 35384   !   3       java.nio.file.FileTreeWalker::visit (204 bytes)
Event: 493.295 Thread 0x00000258e46e1e30 nmethod 35384 0x00000258cdd02090 code [0x00000258cdd02420, 0x00000258cdd03990]
Event: 493.296 Thread 0x00000258e46e1e30 35385       1       java.nio.file.FileTreeWalker$Event::attributes (5 bytes)
Event: 493.296 Thread 0x00000258e46e1e30 nmethod 35385 0x00000258d593bc10 code [0x00000258d593bda0, 0x00000258d593be70]
Event: 493.357 Thread 0x00000258e46e1e30 35386       1       java.nio.file.FileTreeWalker$Event::ioeException (5 bytes)
Event: 493.357 Thread 0x00000258e46e1e30 nmethod 35386 0x00000258d5959410 code [0x00000258d59595a0, 0x00000258d5959670]
Event: 493.392 Thread 0x00000258e46bebd0 35387       4       java.nio.file.FileTreeWalker$Event::<init> (26 bytes)
Event: 493.394 Thread 0x00000258e46bebd0 nmethod 35387 0x00000258d5227890 code [0x00000258d5227a20, 0x00000258d5227ea0]
Event: 493.411 Thread 0x00000258e46e1e30 35388       3       org.gradle.internal.snapshot.impl.DirectorySnapshotter$PathVisitor::shouldVisit (92 bytes)
Event: 493.412 Thread 0x00000258e46e1e30 nmethod 35388 0x00000258cdd5ef10 code [0x00000258cdd5f1a0, 0x00000258cdd5fce8]
Event: 493.819 Thread 0x00000258e46bebd0 35389       4       org.gradle.internal.snapshot.impl.FilteredTrackingMerkleDirectorySnapshotBuilder::visitLeafElement (11 bytes)
Event: 493.824 Thread 0x00000258e46bebd0 nmethod 35389 0x00000258d4f07710 code [0x00000258d4f07900, 0x00000258d4f081f8]
Event: 493.826 Thread 0x00000258e46e1e30 35390       3       org.gradle.api.internal.changedetection.state.SplitFileHasher::hash (44 bytes)
Event: 493.827 Thread 0x00000258e46e1e30 nmethod 35390 0x00000258cd7ab610 code [0x00000258cd7ab800, 0x00000258cd7abce8]
Event: 493.870 Thread 0x00000258e46e1e30 35391       3       org.gradle.internal.snapshot.impl.DirectorySnapshotter$PathVisitor::visitResolvedFile (44 bytes)
Event: 493.871 Thread 0x00000258e46e1e30 nmethod 35391 0x00000258ce0f0210 code [0x00000258ce0f0440, 0x00000258ce0f0ba8]
Event: 493.879 Thread 0x00000258e46e1e30 35392       3       org.gradle.internal.snapshot.impl.DirectorySnapshotter$PathVisitor::shouldVisitFile (8 bytes)
Event: 493.879 Thread 0x00000258e46e1e30 nmethod 35392 0x00000258cd82ea10 code [0x00000258cd82ebc0, 0x00000258cd82ed00]
Event: 493.970 Thread 0x00000258e46bebd0 35393       4       org.gradle.internal.snapshot.impl.DirectorySnapshotter$PathVisitor::snapshotFile (216 bytes)

GC Heap History (20 events):
Event: 117.998 GC heap before
{Heap before GC invocations=133 (full 0):
 garbage-first heap   total 845824K, used 786453K [0x0000000700000000, 0x0000000800000000)
  region size 2048K, 242 young (495616K), 6 survivors (12288K)
 Metaspace       used 170626K, committed 172992K, reserved 1245184K
  class space    used 21972K, committed 23104K, reserved 1048576K
}
Event: 118.004 GC heap after
{Heap after GC invocations=134 (full 0):
 garbage-first heap   total 845824K, used 302824K [0x0000000700000000, 0x0000000800000000)
  region size 2048K, 5 young (10240K), 5 survivors (10240K)
 Metaspace       used 170626K, committed 172992K, reserved 1245184K
  class space    used 21972K, committed 23104K, reserved 1048576K
}
Event: 124.048 GC heap before
{Heap before GC invocations=134 (full 0):
 garbage-first heap   total 845824K, used 794344K [0x0000000700000000, 0x0000000800000000)
  region size 2048K, 243 young (497664K), 5 survivors (10240K)
 Metaspace       used 187138K, committed 189696K, reserved 1245184K
  class space    used 24165K, committed 25408K, reserved 1048576K
}
Event: 124.063 GC heap after
{Heap after GC invocations=135 (full 0):
 garbage-first heap   total 849920K, used 343577K [0x0000000700000000, 0x0000000800000000)
  region size 2048K, 24 young (49152K), 24 survivors (49152K)
 Metaspace       used 187138K, committed 189696K, reserved 1245184K
  class space    used 24165K, committed 25408K, reserved 1048576K
}
Event: 134.395 GC heap before
{Heap before GC invocations=135 (full 0):
 garbage-first heap   total 849920K, used 751129K [0x0000000700000000, 0x0000000800000000)
  region size 2048K, 224 young (458752K), 24 survivors (49152K)
 Metaspace       used 197701K, committed 200192K, reserved 1245184K
  class space    used 25404K, committed 26624K, reserved 1048576K
}
Event: 134.423 GC heap after
{Heap after GC invocations=136 (full 0):
 garbage-first heap   total 849920K, used 369567K [0x0000000700000000, 0x0000000800000000)
  region size 2048K, 14 young (28672K), 14 survivors (28672K)
 Metaspace       used 197701K, committed 200192K, reserved 1245184K
  class space    used 25404K, committed 26624K, reserved 1048576K
}
Event: 149.363 GC heap before
{Heap before GC invocations=137 (full 0):
 garbage-first heap   total 849920K, used 775071K [0x0000000700000000, 0x0000000800000000)
  region size 2048K, 212 young (434176K), 14 survivors (28672K)
 Metaspace       used 221844K, committed 224640K, reserved 1245184K
  class space    used 28611K, committed 29952K, reserved 1048576K
}
Event: 149.377 GC heap after
{Heap after GC invocations=138 (full 0):
 garbage-first heap   total 849920K, used 367547K [0x0000000700000000, 0x0000000800000000)
  region size 2048K, 15 young (30720K), 15 survivors (30720K)
 Metaspace       used 221844K, committed 224640K, reserved 1245184K
  class space    used 28611K, committed 29952K, reserved 1048576K
}
Event: 177.951 GC heap before
{Heap before GC invocations=138 (full 0):
 garbage-first heap   total 849920K, used 771003K [0x0000000700000000, 0x0000000800000000)
  region size 2048K, 213 young (436224K), 15 survivors (30720K)
 Metaspace       used 222560K, committed 225344K, reserved 1245184K
  class space    used 28706K, committed 30016K, reserved 1048576K
}
Event: 177.980 GC heap after
{Heap after GC invocations=139 (full 0):
 garbage-first heap   total 856064K, used 413928K [0x0000000700000000, 0x0000000800000000)
  region size 2048K, 27 young (55296K), 27 survivors (55296K)
 Metaspace       used 222560K, committed 225344K, reserved 1245184K
  class space    used 28706K, committed 30016K, reserved 1048576K
}
Event: 217.319 GC heap before
{Heap before GC invocations=139 (full 0):
 garbage-first heap   total 856064K, used 753896K [0x0000000700000000, 0x0000000800000000)
  region size 2048K, 193 young (395264K), 27 survivors (55296K)
 Metaspace       used 222564K, committed 225344K, reserved 1245184K
  class space    used 28706K, committed 30016K, reserved 1048576K
}
Event: 217.346 GC heap after
{Heap after GC invocations=140 (full 0):
 garbage-first heap   total 856064K, used 446275K [0x0000000700000000, 0x0000000800000000)
  region size 2048K, 15 young (30720K), 15 survivors (30720K)
 Metaspace       used 222564K, committed 225344K, reserved 1245184K
  class space    used 28706K, committed 30016K, reserved 1048576K
}
Event: 377.461 GC heap before
{Heap before GC invocations=141 (full 0):
 garbage-first heap   total 856064K, used 776003K [0x0000000700000000, 0x0000000800000000)
  region size 2048K, 177 young (362496K), 15 survivors (30720K)
 Metaspace       used 222588K, committed 225344K, reserved 1245184K
  class space    used 28707K, committed 30016K, reserved 1048576K
}
Event: 377.478 GC heap after
{Heap after GC invocations=142 (full 0):
 garbage-first heap   total 856064K, used 467639K [0x0000000700000000, 0x0000000800000000)
  region size 2048K, 12 young (24576K), 12 survivors (24576K)
 Metaspace       used 222588K, committed 225344K, reserved 1245184K
  class space    used 28707K, committed 30016K, reserved 1048576K
}
Event: 469.220 GC heap before
{Heap before GC invocations=142 (full 0):
 garbage-first heap   total 856064K, used 787127K [0x0000000700000000, 0x0000000800000000)
  region size 2048K, 166 young (339968K), 12 survivors (24576K)
 Metaspace       used 222884K, committed 225664K, reserved 1245184K
  class space    used 28758K, committed 30080K, reserved 1048576K
}
Event: 469.240 GC heap after
{Heap after GC invocations=143 (full 0):
 garbage-first heap   total 856064K, used 501196K [0x0000000700000000, 0x0000000800000000)
  region size 2048K, 16 young (32768K), 16 survivors (32768K)
 Metaspace       used 222884K, committed 225664K, reserved 1245184K
  class space    used 28758K, committed 30080K, reserved 1048576K
}
Event: 470.034 GC heap before
{Heap before GC invocations=143 (full 0):
 garbage-first heap   total 856064K, used 777676K [0x0000000700000000, 0x0000000800000000)
  region size 2048K, 151 young (309248K), 16 survivors (32768K)
 Metaspace       used 222886K, committed 225664K, reserved 1245184K
  class space    used 28758K, committed 30080K, reserved 1048576K
}
Event: 470.043 GC heap after
{Heap after GC invocations=144 (full 0):
 garbage-first heap   total 856064K, used 506829K [0x0000000700000000, 0x0000000800000000)
  region size 2048K, 4 young (8192K), 4 survivors (8192K)
 Metaspace       used 222886K, committed 225664K, reserved 1245184K
  class space    used 28758K, committed 30080K, reserved 1048576K
}
Event: 488.766 GC heap before
{Heap before GC invocations=145 (full 0):
 garbage-first heap   total 856064K, used 787405K [0x0000000700000000, 0x0000000800000000)
  region size 2048K, 145 young (296960K), 4 survivors (8192K)
 Metaspace       used 228407K, committed 231232K, reserved 1310720K
  class space    used 29532K, committed 30912K, reserved 1048576K
}
Event: 488.772 GC heap after
{Heap after GC invocations=146 (full 0):
 garbage-first heap   total 856064K, used 498671K [0x0000000700000000, 0x0000000800000000)
  region size 2048K, 5 young (10240K), 5 survivors (10240K)
 Metaspace       used 228407K, committed 231232K, reserved 1310720K
  class space    used 29532K, committed 30912K, reserved 1048576K
}

Dll operation events (3 events):
Event: 0.011 Loaded shared library D:\dev\android-studio\jbr\bin\java.dll
Event: 0.022 Loaded shared library D:\dev\android-studio\jbr\bin\zip.dll
Event: 0.862 Loaded shared library D:\dev\android-studio\jbr\bin\verify.dll

Deoptimization events (20 events):
Event: 478.205 Thread 0x00000258eabbc440 Uncommon trap: trap_request=0xffffffbe fr.pc=0x00000258d50e3000 relative=0x00000000000006a0
Event: 478.205 Thread 0x00000258eabbc440 Uncommon trap: reason=profile_predicate action=maybe_recompile pc=0x00000258d50e3000 method=java.math.BigInteger.montReduce([I[III)[I @ 9 c2
Event: 478.205 Thread 0x00000258eabbc440 DEOPT PACKING pc=0x00000258d50e3000 sp=0x00000095579f5290
Event: 478.205 Thread 0x00000258eabbc440 DEOPT UNPACKING pc=0x00000258d48646a2 sp=0x00000095579f5260 mode 2
Event: 478.205 Thread 0x00000258eabbc440 DEOPT PACKING pc=0x00000258cdd2a637 sp=0x00000095579f5260
Event: 478.205 Thread 0x00000258eabbc440 DEOPT UNPACKING pc=0x00000258d4864e42 sp=0x00000095579f46e0 mode 0
Event: 478.205 Thread 0x00000258eabbc440 Uncommon trap: trap_request=0xffffffc6 fr.pc=0x00000258d61f9d64 relative=0x00000000000006a4
Event: 478.205 Thread 0x00000258eabbc440 Uncommon trap: reason=bimorphic_or_optimized_type_check action=maybe_recompile pc=0x00000258d61f9d64 method=java.util.Hashtable.get(Ljava/lang/Object;)Ljava/lang/Object; @ 6 c2
Event: 478.206 Thread 0x00000258eabbc440 DEOPT PACKING pc=0x00000258d61f9d64 sp=0x00000095579f5b50
Event: 478.206 Thread 0x00000258eabbc440 DEOPT UNPACKING pc=0x00000258d48646a2 sp=0x00000095579f5af0 mode 2
Event: 478.389 Thread 0x00000258eabbc440 DEOPT PACKING pc=0x00000258ce0eb53c sp=0x00000095579f7ca0
Event: 478.389 Thread 0x00000258eabbc440 DEOPT UNPACKING pc=0x00000258d4864e42 sp=0x00000095579f71b0 mode 0
Event: 478.439 Thread 0x00000258eabbc440 Uncommon trap: trap_request=0xffffffc6 fr.pc=0x00000258d5dbe2b8 relative=0x0000000000002198
Event: 478.439 Thread 0x00000258eabbc440 Uncommon trap: reason=bimorphic_or_optimized_type_check action=maybe_recompile pc=0x00000258d5dbe2b8 method=sun.security.ssl.SSLSocketInputRecord.decodeInputRecord()[Lsun/security/ssl/Plaintext; @ 324 c2
Event: 478.439 Thread 0x00000258eabbc440 DEOPT PACKING pc=0x00000258d5dbe2b8 sp=0x00000095579f6680
Event: 478.440 Thread 0x00000258eabbc440 DEOPT UNPACKING pc=0x00000258d48646a2 sp=0x00000095579f6610 mode 2
Event: 493.200 Thread 0x00000258eabbc440 Uncommon trap: trap_request=0xffffff45 fr.pc=0x00000258d626753c relative=0x0000000000002a7c
Event: 493.200 Thread 0x00000258eabbc440 Uncommon trap: reason=unstable_if action=reinterpret pc=0x00000258d626753c method=org.gradle.internal.operations.DefaultBuildOperationRunner$2.execute(Lorg/gradle/internal/operations/BuildOperationDescriptor;Lorg/gradle/internal/operations/BuildOperationS
Event: 493.200 Thread 0x00000258eabbc440 DEOPT PACKING pc=0x00000258d626753c sp=0x00000095579f6390
Event: 493.200 Thread 0x00000258eabbc440 DEOPT UNPACKING pc=0x00000258d48646a2 sp=0x00000095579f6250 mode 2

Classes loaded (20 events):
Event: 478.202 Loading class sun/security/provider/certpath/OCSPResponse$ResponseStatus
Event: 478.202 Loading class sun/security/provider/certpath/OCSPResponse$ResponseStatus done
Event: 478.202 Loading class java/security/cert/CRLReason
Event: 478.202 Loading class java/security/cert/CRLReason done
Event: 478.202 Loading class sun/security/provider/certpath/ResponderId
Event: 478.202 Loading class sun/security/provider/certpath/ResponderId done
Event: 478.202 Loading class sun/security/provider/certpath/ResponderId$Type
Event: 478.202 Loading class sun/security/provider/certpath/ResponderId$Type done
Event: 478.203 Loading class sun/security/provider/certpath/OCSPResponse$SingleResponse
Event: 478.203 Loading class sun/security/provider/certpath/OCSP$RevocationStatus
Event: 478.203 Loading class sun/security/provider/certpath/OCSP$RevocationStatus done
Event: 478.203 Loading class sun/security/provider/certpath/OCSPResponse$SingleResponse done
Event: 478.203 Loading class sun/security/provider/certpath/CertId
Event: 478.203 Loading class sun/security/provider/certpath/CertId done
Event: 478.203 Loading class sun/security/provider/certpath/OCSP$RevocationStatus$CertStatus
Event: 478.203 Loading class sun/security/provider/certpath/OCSP$RevocationStatus$CertStatus done
Event: 478.204 Loading class sun/security/rsa/RSASignature$SHA384withRSA
Event: 478.204 Loading class sun/security/rsa/RSASignature$SHA384withRSA done
Event: 478.206 Loading class sun/security/rsa/MGF1
Event: 478.206 Loading class sun/security/rsa/MGF1 done

Classes unloaded (20 events):
Event: 24.713 Thread 0x00000258e44ce880 Unloading class 0x0000000800730568 '_BuildScript_$_run_closure1'
Event: 24.713 Thread 0x00000258e44ce880 Unloading class 0x0000000800730000 '_BuildScript_'
Event: 25.844 Thread 0x00000258e44ce880 Unloading class 0x000000080081c988 '_BuildScript_$_run_closure1$_closure2'
Event: 25.844 Thread 0x00000258e44ce880 Unloading class 0x000000080081c568 '_BuildScript_$_run_closure1'
Event: 25.844 Thread 0x00000258e44ce880 Unloading class 0x000000080081c000 '_BuildScript_'
Event: 34.694 Thread 0x00000258e44ce880 Unloading class 0x00000008009f0988 '_BuildScript_$_run_closure1$_closure2'
Event: 34.694 Thread 0x00000258e44ce880 Unloading class 0x00000008009f0568 '_BuildScript_$_run_closure1'
Event: 34.694 Thread 0x00000258e44ce880 Unloading class 0x00000008009f0000 '_BuildScript_'
Event: 34.694 Thread 0x00000258e44ce880 Unloading class 0x00000008009e4988 '_BuildScript_$_run_closure2'
Event: 34.694 Thread 0x00000258e44ce880 Unloading class 0x00000008009e4568 '_BuildScript_$_run_closure1'
Event: 34.694 Thread 0x00000258e44ce880 Unloading class 0x00000008009e4000 '_BuildScript_'
Event: 56.242 Thread 0x00000258e44ce880 Unloading class 0x00000008009f3420 '_BuildScript_$_run_closure1$_closure3'
Event: 56.242 Thread 0x00000258e44ce880 Unloading class 0x00000008009f3000 '_BuildScript_$_run_closure1$_closure2'
Event: 56.242 Thread 0x00000258e44ce880 Unloading class 0x00000008009e4988 '_BuildScript_$_run_closure1'
Event: 56.242 Thread 0x00000258e44ce880 Unloading class 0x00000008009e4420 '_BuildScript_'
Event: 56.242 Thread 0x00000258e44ce880 Unloading class 0x00000008009e4000 'JetGradlePlugin$_apply_closure1$_closure2$_closure3'
Event: 56.242 Thread 0x00000258e44ce880 Unloading class 0x00000008009f09f0 'JetGradlePlugin$_apply_closure1$_closure2'
Event: 56.242 Thread 0x00000258e44ce880 Unloading class 0x00000008009f05d0 'JetGradlePlugin$_apply_closure1'
Event: 56.242 Thread 0x00000258e44ce880 Unloading class 0x00000008009f0300 'JetGradlePlugin'
Event: 56.242 Thread 0x00000258e44ce880 Unloading class 0x00000008009f0000 'RegistryProcessor'

Classes redefined (0 events):
No events

Internal exceptions (20 events):
Event: 474.380 Thread 0x0000025885bf71e0 Exception <a 'sun/nio/fs/WindowsException'{0x000000072a769940}> (0x000000072a769940) 
thrown [s\src\hotspot\share\prims\jni.cpp, line 537]
Event: 474.381 Thread 0x0000025885bf71e0 Exception <a 'sun/nio/fs/WindowsException'{0x000000072a77bd98}> (0x000000072a77bd98) 
thrown [s\src\hotspot\share\prims\jni.cpp, line 537]
Event: 474.383 Thread 0x0000025885bf71e0 Exception <a 'sun/nio/fs/WindowsException'{0x000000072a78ba50}> (0x000000072a78ba50) 
thrown [s\src\hotspot\share\prims\jni.cpp, line 537]
Event: 474.385 Thread 0x0000025885bf71e0 Exception <a 'sun/nio/fs/WindowsException'{0x000000072a7a0cc8}> (0x000000072a7a0cc8) 
thrown [s\src\hotspot\share\prims\jni.cpp, line 537]
Event: 474.386 Thread 0x0000025885bf71e0 Exception <a 'sun/nio/fs/WindowsException'{0x000000072a7b0620}> (0x000000072a7b0620) 
thrown [s\src\hotspot\share\prims\jni.cpp, line 537]
Event: 474.388 Thread 0x0000025885bf71e0 Exception <a 'sun/nio/fs/WindowsException'{0x000000072a7c28a0}> (0x000000072a7c28a0) 
thrown [s\src\hotspot\share\prims\jni.cpp, line 537]
Event: 474.390 Thread 0x0000025885bf71e0 Exception <a 'sun/nio/fs/WindowsException'{0x000000072a7d22b0}> (0x000000072a7d22b0) 
thrown [s\src\hotspot\share\prims\jni.cpp, line 537]
Event: 474.392 Thread 0x0000025885bf71e0 Exception <a 'sun/nio/fs/WindowsException'{0x000000072a7e4ad8}> (0x000000072a7e4ad8) 
thrown [s\src\hotspot\share\prims\jni.cpp, line 537]
Event: 474.394 Thread 0x0000025885bf71e0 Exception <a 'sun/nio/fs/WindowsException'{0x000000072a7f43c8}> (0x000000072a7f43c8) 
thrown [s\src\hotspot\share\prims\jni.cpp, line 537]
Event: 475.288 Thread 0x00000258f00e7050 Exception <a 'java/lang/NoSuchMethodError'{0x0000000729a48ce8}: 'void java.lang.invoke.DirectMethodHandle$Holder.invokeStatic(java.lang.Object, int)'> (0x0000000729a48ce8) 
thrown [s\src\hotspot\share\interpreter\linkResolver.cpp, line 784]
Event: 475.289 Thread 0x00000258f00e7050 Exception <a 'java/lang/NoSuchMethodError'{0x0000000729a4c090}: 'void java.lang.invoke.DirectMethodHandle$Holder.invokeStaticInit(java.lang.Object, int)'> (0x0000000729a4c090) 
thrown [s\src\hotspot\share\interpreter\linkResolver.cpp, line 784]
Event: 476.910 Thread 0x00000258eabbc440 Exception <a 'java/lang/IncompatibleClassChangeError'{0x0000000728c1db38}: Found class java.lang.Object, but interface was expected> (0x0000000728c1db38) 
thrown [s\src\hotspot\share\interpreter\linkResolver.cpp, line 851]
Event: 477.049 Thread 0x00000258eabbc440 Implicit null exception at 0x00000258d624362b to 0x00000258d624380c
Event: 477.410 Thread 0x00000258eabbc440 Implicit null exception at 0x00000258cf6700d4 to 0x00000258cf670c9c
Event: 477.410 Thread 0x00000258eabbc440 Exception <a 'java/lang/NullPointerException'{0x0000000728307710}> (0x0000000728307710) 
thrown [s\src\hotspot\share\runtime\sharedRuntime.cpp, line 625]
Event: 477.580 Thread 0x00000258eabbc440 Implicit null exception at 0x00000258cf6700d4 to 0x00000258cf670c9c
Event: 477.580 Thread 0x00000258eabbc440 Exception <a 'java/lang/NullPointerException'{0x00000007283a8980}> (0x00000007283a8980) 
thrown [s\src\hotspot\share\runtime\sharedRuntime.cpp, line 625]
Event: 478.204 Thread 0x00000258eabbc440 Implicit null exception at 0x00000258cf6700d4 to 0x00000258cf670c9c
Event: 478.204 Thread 0x00000258eabbc440 Exception <a 'java/lang/NullPointerException'{0x0000000728055a08}> (0x0000000728055a08) 
thrown [s\src\hotspot\share\runtime\sharedRuntime.cpp, line 625]
Event: 493.199 Thread 0x00000258eabbc440 Exception <a 'java/io/FileNotFoundException'{0x000000072e94d248}> (0x000000072e94d248) 
thrown [s\src\hotspot\share\prims\jni.cpp, line 537]

ZGC Phase Switch (0 events):
No events

VM Operations (20 events):
Event: 478.411 Executing VM operation: HandshakeAllThreads (Deoptimize)
Event: 478.412 Executing VM operation: HandshakeAllThreads (Deoptimize) done
Event: 478.416 Executing VM operation: HandshakeAllThreads (Deoptimize)
Event: 478.416 Executing VM operation: HandshakeAllThreads (Deoptimize) done
Event: 478.422 Executing VM operation: HandshakeAllThreads (Deoptimize)
Event: 478.422 Executing VM operation: HandshakeAllThreads (Deoptimize) done
Event: 479.433 Executing VM operation: Cleanup
Event: 479.433 Executing VM operation: Cleanup done
Event: 481.254 Executing VM operation: HandshakeAllThreads (HandshakeForDeflation)
Event: 481.254 Executing VM operation: HandshakeAllThreads (HandshakeForDeflation) done
Event: 481.254 Executing VM operation: RendezvousGCThreads
Event: 481.254 Executing VM operation: RendezvousGCThreads done
Event: 483.258 Executing VM operation: Cleanup
Event: 483.258 Executing VM operation: Cleanup done
Event: 486.289 Executing VM operation: Cleanup
Event: 486.289 Executing VM operation: Cleanup done
Event: 488.766 Executing VM operation: G1CollectForAllocation (G1 Evacuation Pause)
Event: 488.772 Executing VM operation: G1CollectForAllocation (G1 Evacuation Pause) done
Event: 493.800 Executing VM operation: Cleanup
Event: 493.800 Executing VM operation: Cleanup done

Memory protections (0 events):
No events

Nmethod flushes (20 events):
Event: 470.243 Thread 0x00000258e44ce880 flushing  nmethod 0x00000258d00b0b90
Event: 470.243 Thread 0x00000258e44ce880 flushing  nmethod 0x00000258d0629710
Event: 470.243 Thread 0x00000258e44ce880 flushing  nmethod 0x00000258d0834190
Event: 470.243 Thread 0x00000258e44ce880 flushing  nmethod 0x00000258d08a5690
Event: 470.243 Thread 0x00000258e44ce880 flushing  nmethod 0x00000258d08a5a10
Event: 470.243 Thread 0x00000258e44ce880 flushing  nmethod 0x00000258d08a6c10
Event: 470.243 Thread 0x00000258e44ce880 flushing  nmethod 0x00000258d0b0d590
Event: 470.243 Thread 0x00000258e44ce880 flushing  nmethod 0x00000258d0c26d10
Event: 470.243 Thread 0x00000258e44ce880 flushing  nmethod 0x00000258d0c27210
Event: 470.243 Thread 0x00000258e44ce880 flushing  nmethod 0x00000258d0c27c90
Event: 470.243 Thread 0x00000258e44ce880 flushing  nmethod 0x00000258d0c28b10
Event: 470.243 Thread 0x00000258e44ce880 flushing  nmethod 0x00000258d0c2ba10
Event: 470.243 Thread 0x00000258e44ce880 flushing  nmethod 0x00000258d0c2cf10
Event: 470.243 Thread 0x00000258e44ce880 flushing  nmethod 0x00000258d0c2d890
Event: 470.243 Thread 0x00000258e44ce880 flushing  nmethod 0x00000258d0c61110
Event: 470.243 Thread 0x00000258e44ce880 flushing  nmethod 0x00000258d0c67790
Event: 470.243 Thread 0x00000258e44ce880 flushing  nmethod 0x00000258d0c68190
Event: 470.243 Thread 0x00000258e44ce880 flushing  nmethod 0x00000258d0c69c90
Event: 470.243 Thread 0x00000258e44ce880 flushing  nmethod 0x00000258d0c6a090
Event: 470.243 Thread 0x00000258e44ce880 flushing  nmethod 0x00000258d0c6d510

Events (20 events):
Event: 471.212 Thread 0x00000258f005d940 Thread exited: 0x00000258f005d940
Event: 471.212 Thread 0x00000258f005b730 Thread exited: 0x00000258f005b730
Event: 474.368 Thread 0x00000258e46e1e30 Thread added: 0x00000258fa27a030
Event: 474.373 Thread 0x00000258e46e1e30 Thread added: 0x00000258efd2a150
Event: 474.626 Thread 0x00000258eabbc440 Thread added: 0x00000258f00e7050
Event: 474.772 Thread 0x00000258efd2a150 Thread exited: 0x00000258efd2a150
Event: 474.772 Thread 0x00000258fa27a030 Thread exited: 0x00000258fa27a030
Event: 475.069 Thread 0x00000258e46e1e30 Thread added: 0x00000258f005e010
Event: 475.340 Thread 0x00000258f005e010 Thread exited: 0x00000258f005e010
Event: 476.299 Thread 0x00000258e46e1e30 Thread added: 0x00000258f005e010
Event: 476.559 Thread 0x00000258f005e010 Thread exited: 0x00000258f005e010
Event: 476.750 Thread 0x00000258e46e1e30 Thread added: 0x00000258f005e6e0
Event: 476.967 Thread 0x00000258f005e6e0 Thread exited: 0x00000258f005e6e0
Event: 477.108 Thread 0x00000258e46e1e30 Thread added: 0x00000258f005d940
Event: 477.318 Thread 0x00000258f005d940 Thread exited: 0x00000258f005d940
Event: 477.414 Thread 0x00000258e46e1e30 Thread added: 0x00000258f005e010
Event: 477.577 Thread 0x00000258f005e010 Thread exited: 0x00000258f005e010
Event: 478.206 Thread 0x00000258e46e1e30 Thread added: 0x00000258f005d940
Event: 478.418 Thread 0x00000258f005d940 Thread exited: 0x00000258f005d940
Event: 478.423 Thread 0x00000258eabbc440 Thread added: 0x00000258f1ba6020


Dynamic libraries:
0x00007ff6f4a20000 - 0x00007ff6f4a2a000 	D:\dev\android-studio\jbr\bin\java.exe
0x00007ffc882a0000 - 0x00007ffc88508000 	C:\WINDOWS\SYSTEM32\ntdll.dll
0x00007ffc868d0000 - 0x00007ffc86999000 	C:\WINDOWS\System32\KERNEL32.DLL
0x00007ffc85630000 - 0x00007ffc85a28000 	C:\WINDOWS\System32\KERNELBASE.dll
0x00007ffc85ae0000 - 0x00007ffc85c2b000 	C:\WINDOWS\System32\ucrtbase.dll
0x00007ffc79550000 - 0x00007ffc7956b000 	D:\dev\android-studio\jbr\bin\VCRUNTIME140.dll
0x00007ffc57dd0000 - 0x00007ffc57de8000 	D:\dev\android-studio\jbr\bin\jli.dll
0x00007ffc86680000 - 0x00007ffc86847000 	C:\WINDOWS\System32\USER32.dll
0x00007ffc62cf0000 - 0x00007ffc62f84000 	C:\WINDOWS\WinSxS\amd64_microsoft.windows.common-controls_6595b64144ccf1df_6.0.26100.7019_none_3e06ffa0e335b8a8\COMCTL32.dll
0x00007ffc85ea0000 - 0x00007ffc85ec7000 	C:\WINDOWS\System32\win32u.dll
0x00007ffc86040000 - 0x00007ffc860e9000 	C:\WINDOWS\System32\msvcrt.dll
0x00007ffc88220000 - 0x00007ffc8824b000 	C:\WINDOWS\System32\GDI32.dll
0x00007ffc85cc0000 - 0x00007ffc85dec000 	C:\WINDOWS\System32\gdi32full.dll
0x00007ffc85df0000 - 0x00007ffc85e93000 	C:\WINDOWS\System32\msvcp_win.dll
0x00007ffc88000000 - 0x00007ffc88031000 	C:\WINDOWS\System32\IMM32.DLL
0x00007ffc7e6e0000 - 0x00007ffc7e6ec000 	D:\dev\android-studio\jbr\bin\vcruntime140_1.dll
0x00007ffc2c0f0000 - 0x00007ffc2c17d000 	D:\dev\android-studio\jbr\bin\msvcp140.dll
0x00007ffc12b60000 - 0x00007ffc137f6000 	D:\dev\android-studio\jbr\bin\server\jvm.dll
0x00007ffc87940000 - 0x00007ffc879f4000 	C:\WINDOWS\System32\ADVAPI32.dll
0x00007ffc88170000 - 0x00007ffc88216000 	C:\WINDOWS\System32\sechost.dll
0x00007ffc88050000 - 0x00007ffc88168000 	C:\WINDOWS\System32\RPCRT4.dll
0x00007ffc86850000 - 0x00007ffc868c4000 	C:\WINDOWS\System32\WS2_32.dll
0x00007ffc84cf0000 - 0x00007ffc84d4e000 	C:\WINDOWS\SYSTEM32\POWRPROF.dll
0x00007ffc7bb50000 - 0x00007ffc7bb5b000 	C:\WINDOWS\SYSTEM32\VERSION.dll
0x00007ffc7e3d0000 - 0x00007ffc7e405000 	C:\WINDOWS\SYSTEM32\WINMM.dll
0x00007ffc84cd0000 - 0x00007ffc84ce4000 	C:\WINDOWS\SYSTEM32\UMPDC.dll
0x00007ffc84180000 - 0x00007ffc8419b000 	C:\WINDOWS\SYSTEM32\kernel.appcore.dll
0x00007ffc7e690000 - 0x00007ffc7e69a000 	D:\dev\android-studio\jbr\bin\jimage.dll
0x00007ffc82ca0000 - 0x00007ffc82ee2000 	C:\WINDOWS\SYSTEM32\DBGHELP.DLL
0x00007ffc862f0000 - 0x00007ffc8667b000 	C:\WINDOWS\System32\combase.dll
0x00007ffc875a0000 - 0x00007ffc87677000 	C:\WINDOWS\System32\OLEAUT32.dll
0x00007ffc7e350000 - 0x00007ffc7e38c000 	C:\WINDOWS\SYSTEM32\dbgcore.DLL
0x00007ffc85a30000 - 0x00007ffc85ad5000 	C:\WINDOWS\System32\bcryptPrimitives.dll
0x00007ffc730e0000 - 0x00007ffc730ee000 	D:\dev\android-studio\jbr\bin\instrument.dll
0x00007ffc61b80000 - 0x00007ffc61ba0000 	D:\dev\android-studio\jbr\bin\java.dll
0x00007ffc5f5b0000 - 0x00007ffc5f5c8000 	D:\dev\android-studio\jbr\bin\zip.dll
0x00007ffc86b50000 - 0x00007ffc8729f000 	C:\WINDOWS\System32\SHELL32.dll
0x00007ffc85ed0000 - 0x00007ffc8603b000 	C:\WINDOWS\System32\wintypes.dll
0x00007ffc82fd0000 - 0x00007ffc8382d000 	C:\WINDOWS\SYSTEM32\windows.storage.dll
0x00007ffc87e90000 - 0x00007ffc87f82000 	C:\WINDOWS\System32\SHCORE.dll
0x00007ffc87f90000 - 0x00007ffc87ff7000 	C:\WINDOWS\System32\shlwapi.dll
0x00007ffc85310000 - 0x00007ffc85339000 	C:\WINDOWS\SYSTEM32\profapi.dll
0x00007ffc7c200000 - 0x00007ffc7c210000 	D:\dev\android-studio\jbr\bin\net.dll
0x00007ffc7a870000 - 0x00007ffc7a998000 	C:\WINDOWS\SYSTEM32\WINHTTP.dll
0x00007ffc84700000 - 0x00007ffc8476b000 	C:\WINDOWS\system32\mswsock.dll
0x00007ffc594f0000 - 0x00007ffc59506000 	D:\dev\android-studio\jbr\bin\nio.dll
0x00007ffc7b280000 - 0x00007ffc7b290000 	D:\dev\android-studio\jbr\bin\verify.dll
0x00007ffc4f8b0000 - 0x00007ffc4f8d7000 	D:\dev\.gradle\caches\native\1def1411415f61bf3af743bc5b6707747c0891f09f0c88961ee8f79bc544acac\windows-amd64\native-platform.dll
0x00007ffc451a0000 - 0x00007ffc45218000 	D:\dev\.gradle\caches\native\0.2.7\x86_64-windows-gnu\gradle-fileevents.dll
0x00007ffc75890000 - 0x00007ffc75899000 	D:\dev\android-studio\jbr\bin\management.dll
0x00007ffc738d0000 - 0x00007ffc738db000 	D:\dev\android-studio\jbr\bin\management_ext.dll
0x00007ffc88040000 - 0x00007ffc88048000 	C:\WINDOWS\System32\PSAPI.DLL
0x00007ffc83b60000 - 0x00007ffc83b94000 	C:\WINDOWS\SYSTEM32\IPHLPAPI.DLL
0x00007ffc860f0000 - 0x00007ffc860fa000 	C:\WINDOWS\System32\NSI.dll
0x00007ffc79500000 - 0x00007ffc79509000 	D:\dev\android-studio\jbr\bin\extnet.dll
0x00007ffc849e0000 - 0x00007ffc849fb000 	C:\WINDOWS\SYSTEM32\CRYPTSP.dll
0x00007ffc840d0000 - 0x00007ffc8410a000 	C:\WINDOWS\system32\rsaenh.dll
0x00007ffc847b0000 - 0x00007ffc847db000 	C:\WINDOWS\SYSTEM32\USERENV.dll
0x00007ffc852e0000 - 0x00007ffc8530a000 	C:\WINDOWS\SYSTEM32\bcrypt.dll
0x00007ffc84a00000 - 0x00007ffc84a0c000 	C:\WINDOWS\SYSTEM32\CRYPTBASE.dll
0x00007ffc4c100000 - 0x00007ffc4c108000 	C:\WINDOWS\system32\wshunix.dll
0x00007ffc842a0000 - 0x00007ffc842d6000 	C:\WINDOWS\SYSTEM32\ntmarta.dll
0x00007ffc83bf0000 - 0x00007ffc83d1c000 	C:\WINDOWS\SYSTEM32\DNSAPI.dll
0x00007ffc7a130000 - 0x00007ffc7a13b000 	C:\Windows\System32\rasadhlp.dll
0x00007ffc7c160000 - 0x00007ffc7c1e6000 	C:\WINDOWS\System32\fwpuclnt.dll

JVMTI agents:
D:\dev\.gradle\caches\wrapper\dists\gradle-8.14.3-bin\cv11ve7ro1n3o1j4so8xd9n66\gradle-8.14.3\lib\agents\gradle-instrumentation-agent-8.14.3.jar path:D:\dev\android-studio\jbr\bin\instrument.dll, loaded, initialized, instrumentlib options:none

dbghelp: loaded successfully - version: 4.0.5 - missing functions: none
symbol engine: initialized successfully - sym options: 0x614 - pdb path: .;D:\dev\android-studio\jbr\bin;C:\WINDOWS\SYSTEM32;C:\WINDOWS\WinSxS\amd64_microsoft.windows.common-controls_6595b64144ccf1df_6.0.26100.7019_none_3e06ffa0e335b8a8;D:\dev\android-studio\jbr\bin\server;D:\dev\.gradle\caches\native\1def1411415f61bf3af743bc5b6707747c0891f09f0c88961ee8f79bc544acac\windows-amd64;D:\dev\.gradle\caches\native\0.2.7\x86_64-windows-gnu

VM Arguments:
jvm_args: --add-opens=java.base/java.lang=ALL-UNNAMED --add-opens=java.base/java.lang.invoke=ALL-UNNAMED --add-opens=java.base/java.util=ALL-UNNAMED --add-opens=java.prefs/java.util.prefs=ALL-UNNAMED --add-exports=jdk.compiler/com.sun.tools.javac.api=ALL-UNNAMED --add-exports=jdk.compiler/com.sun.tools.javac.util=ALL-UNNAMED --add-opens=java.base/java.util=ALL-UNNAMED --add-opens=java.prefs/java.util.prefs=ALL-UNNAMED --add-opens=java.base/java.nio.charset=ALL-UNNAMED --add-opens=java.base/java.net=ALL-UNNAMED --add-opens=java.base/java.util.concurrent.atomic=ALL-UNNAMED --add-opens=java.xml/javax.xml.namespace=ALL-UNNAMED -Xmx4096M -Dfile.encoding=UTF-8 -Duser.country=US -Duser.language=en -Duser.variant -javaagent:D:\dev\.gradle\caches\wrapper\dists\gradle-8.14.3-bin\cv11ve7ro1n3o1j4so8xd9n66\gradle-8.14.3\lib\agents\gradle-instrumentation-agent-8.14.3.jar 
java_command: org.gradle.launcher.daemon.bootstrap.GradleDaemon 8.14.3
java_class_path (initial): D:\dev\.gradle\caches\wrapper\dists\gradle-8.14.3-bin\cv11ve7ro1n3o1j4so8xd9n66\gradle-8.14.3\lib\gradle-daemon-main-8.14.3.jar
Launcher Type: SUN_STANDARD

[Global flags]
     intx CICompilerCount                          = 4                                         {product} {ergonomic}
     uint ConcGCThreads                            = 3                                         {product} {ergonomic}
     uint G1ConcRefinementThreads                  = 10                                        {product} {ergonomic}
   size_t G1HeapRegionSize                         = 2097152                                   {product} {ergonomic}
    uintx GCDrainStackTargetSize                   = 64                                        {product} {ergonomic}
   size_t InitialHeapSize                          = 266338304                                 {product} {ergonomic}
   size_t MarkStackSize                            = 4194304                                   {product} {ergonomic}
   size_t MaxHeapSize                              = 4294967296                                {product} {command line}
   size_t MaxNewSize                               = 2575302656                                {product} {ergonomic}
   size_t MinHeapDeltaBytes                        = 2097152                                   {product} {ergonomic}
   size_t MinHeapSize                              = 8388608                                   {product} {ergonomic}
    uintx NonNMethodCodeHeapSize                   = 5839372                                {pd product} {ergonomic}
    uintx NonProfiledCodeHeapSize                  = 122909434                              {pd product} {ergonomic}
    uintx ProfiledCodeHeapSize                     = 122909434                              {pd product} {ergonomic}
    uintx ReservedCodeCacheSize                    = 251658240                              {pd product} {ergonomic}
     bool SegmentedCodeCache                       = true                                      {product} {ergonomic}
   size_t SoftMaxHeapSize                          = 4294967296                             {manageable} {ergonomic}
     bool UseCompressedOops                        = true                           {product lp64_product} {ergonomic}
     bool UseG1GC                                  = true                                      {product} {ergonomic}
     bool UseLargePagesIndividualAllocation        = false                                  {pd product} {ergonomic}

Logging:
Log output configuration:
 #0: stdout all=warning uptime,level,tags foldmultilines=false
 #1: stderr all=off uptime,level,tags foldmultilines=false

Environment Variables:
PATH=C:\WINDOWS\system32;C:\WINDOWS;C:\WINDOWS\System32\Wbem;C:\WINDOWS\System32\WindowsPowerShell\v1.0\;C:\WINDOWS\System32\OpenSSH\;C:\Program Files\dotnet\;C:\Program Files\NVIDIA Corporation\NVIDIA App\NvDLISR;C:\Program Files (x86)\NVIDIA Corporation\PhysX\Common;C:\Program Files\Git\cmd;C:\Users\Ralkata\.local\bin;C:\Users\Ralkata\AppData\Local\Microsoft\WindowsApps;D:\dev\apache-maven-3.9.6\bin;D:\dev\jdk-21.0.2\bin;D:\dev\python-3.12.2;C:\Program Files\JetBrains\PyCharm 2025.1.1.1\bin;;D:\dev\miniconda\condabin;D:\dev\Android;D:\dev\.gradle;
USERNAME=Ralkata
OS=Windows_NT
PROCESSOR_IDENTIFIER=Intel64 Family 6 Model 158 Stepping 10, GenuineIntel
TMP=C:\Users\Ralkata\AppData\Local\Temp
TEMP=C:\Users\Ralkata\AppData\Local\Temp




Periodic native trim disabled

JNI global refs:
JNI global refs: 29, weak refs: 2

JNI global refs memory usage: 835, weak refs: 833

Process memory usage:
Resident Set Size: 1437696K (8% of 16602720K total physical memory with 1882420K free physical memory)

OOME stack traces (most recent first):
Classloader memory used:
Loader org.gradle.internal.classloader.VisitableURLClassLoader                         : 123M
Loader org.gradle.internal.classloader.VisitableURLClassLoader$InstrumentingVisitableURLClassLoader: 39802K
Loader bootstrap                                                                       : 36229K
Loader org.gradle.initialization.MixInLegacyTypesClassLoader                           : 13897K
Loader jdk.internal.loader.ClassLoaders$AppClassLoader                                 : 8333K
Loader org.gradle.internal.classloader.VisitableURLClassLoader                         : 2128K
Loader jdk.internal.loader.ClassLoaders$PlatformClassLoader                            : 1003K
Loader jdk.internal.reflect.DelegatingClassLoader                                      : 487K
Loader jdk.internal.jrtfs.JrtFileSystemProvider$JrtFsLoader                            : 342K
Loader org.gradle.groovy.scripts.internal.DefaultScriptCompilationHandler$ScriptClassLoader: 91376B
Loader org.codehaus.groovy.runtime.callsite.CallSiteClassLoader                        : 49912B

Classes loaded by more than one classloader:
Class Program                                                                         : loaded 5 times (x 72B)
Class org.gradle.api.Action                                                           : loaded 3 times (x 70B)
Class org.gradle.internal.Cast                                                        : loaded 3 times (x 71B)
Class Build_gradle$1                                                                  : loaded 3 times (x 75B)
Class org.gradle.internal.IoActions                                                   : loaded 3 times (x 71B)
Class org.gradle.api.UncheckedIOException                                             : loaded 3 times (x 82B)
Class org.gradle.api.GradleException                                                  : loaded 3 times (x 82B)
Class Build_gradle                                                                    : loaded 3 times (x 130B)
Class com.intellij.gradle.toolingExtension.impl.model.sourceSetModel.GradleSourceSetSerialisationService$Companion: loaded 2 times (x 71B)
Class kotlin.collections.CollectionsKt__ReversedViewsKt                               : loaded 2 times (x 71B)
Class org.gradle.internal.classloader.ClassLoaderHierarchy                            : loaded 2 times (x 70B)
Class com.google.common.collect.ImmutableEnumSet                                      : loaded 2 times (x 146B)
Class com.google.common.util.concurrent.ExecutionError                                : loaded 2 times (x 82B)
Class com.google.common.collect.ImmutableList$1                                       : loaded 2 times (x 97B)
Class org.jetbrains.plugins.gradle.tooling.util.IntObjectMap$ObjectFactory            : loaded 2 times (x 70B)
Class org.gradle.api.internal.classpath.ManifestUtil                                  : loaded 2 times (x 71B)
Class com.google.gson.stream.MalformedJsonException                                   : loaded 2 times (x 82B)
Class com.google.common.collect.RegularImmutableMap                                   : loaded 2 times (x 121B)
Class com.google.common.collect.ImmutableMap$MapViewOfValuesAsSingletonSets           : loaded 2 times (x 126B)
Class org.jetbrains.plugins.gradle.model.AnnotationProcessingModel                    : loaded 2 times (x 70B)
Class org.jetbrains.plugins.gradle.model.GradleExtensions                             : loaded 2 times (x 70B)
Class org.gradle.tooling.internal.adapter.TargetTypeProvider                          : loaded 2 times (x 70B)
Class [Lorg.objectweb.asm.Symbol;                                                     : loaded 2 times (x 69B)
Class org.objectweb.asm.ClassVisitor                                                  : loaded 2 times (x 88B)
Class com.google.common.collect.UnmodifiableListIterator                              : loaded 2 times (x 95B)
Class jdk.internal.jimage.decompressor.StringSharingDecompressorFactory               : loaded 2 times (x 74B)
Class org.gradle.internal.operations.MultipleBuildOperationFailures                   : loaded 2 times (x 95B)
Class com.google.common.base.Platform$JdkPatternCompiler                              : loaded 2 times (x 75B)
Class org.objectweb.asm.MethodTooLargeException                                       : loaded 2 times (x 83B)
Class [Lcom.google.common.cache.CacheBuilder$OneWeigher;                              : loaded 2 times (x 69B)
Class com.google.common.base.Suppliers                                                : loaded 2 times (x 71B)
Class com.intellij.util.containers.IntObjectHashMap$ArrayProducer                     : loaded 2 times (x 70B)
Class org.gradle.internal.classloader.DefaultClassLoaderFactory                       : loaded 2 times (x 82B)
Class kotlin.collections.AbstractList$Companion                                       : loaded 2 times (x 71B)
Class org.gradle.internal.classloader.ClassLoaderVisitor                              : loaded 2 times (x 76B)
Class [Lcom.google.common.collect.ImmutableMapEntry;                                  : loaded 2 times (x 69B)
Class org.jetbrains.plugins.gradle.tooling.serialization.internal.IdeaProjectSerializationService: loaded 2 times (x 77B)
Class org.gradle.api.internal.classpath.EffectiveClassPath                            : loaded 2 times (x 90B)
Class com.google.common.collect.ImmutableRangeSet                                     : loaded 2 times (x 115B)
Class com.google.common.collect.ListMultimap                                          : loaded 2 times (x 70B)
Class com.google.common.collect.ImmutableEnumMap                                      : loaded 2 times (x 126B)
Class org.gradle.tooling.internal.gradle.DefaultProjectIdentifier                     : loaded 2 times (x 86B)
Class com.google.common.collect.Sets$1                                                : loaded 2 times (x 139B)
Class org.objectweb.asm.AnnotationVisitor                                             : loaded 2 times (x 78B)
Class com.intellij.gradle.toolingExtension.impl.model.buildScriptClasspathModel.GradleBuildScriptClasspathSerializationService$ReadContext: loaded 2 times (x 72B)
Class org.gradle.internal.impldep.gnu.trove.TObjectIntHashMap                         : loaded 2 times (x 109B)
Class org.gradle.api.internal.DefaultClassPathProvider                                : loaded 2 times (x 76B)
Class com.google.common.collect.Sets$2                                                : loaded 2 times (x 139B)
Class [Lorg.gradle.api.internal.ClassPathProvider;                                    : loaded 2 times (x 69B)
Class org.gradle.api.internal.ClassPathProvider                                       : loaded 2 times (x 70B)
Class [Lorg.objectweb.asm.AnnotationVisitor;                                          : loaded 2 times (x 69B)
Class com.google.common.collect.Sets$3                                                : loaded 2 times (x 139B)
Class com.google.common.cache.LocalCache$LocalLoadingCache                            : loaded 2 times (x 134B)
Class jdk.internal.jrtfs.SystemImage                                                  : loaded 2 times (x 74B)
Class org.gradle.internal.impldep.gnu.trove.TObjectHash$NULL                          : loaded 2 times (x 71B)
Class org.gradle.internal.service.UnknownServiceException                             : loaded 2 times (x 83B)
Class com.google.common.collect.Sets$4                                                : loaded 2 times (x 139B)
Class org.objectweb.asm.ModuleVisitor                                                 : loaded 2 times (x 81B)
Class com.google.common.cache.LocalCache$Strength$1                                   : loaded 2 times (x 81B)
Class org.jetbrains.kotlin.idea.gradleTooling.KotlinDslScriptAdditionalTask           : loaded 2 times (x 70B)
Class org.jetbrains.plugins.gradle.model.ClasspathEntryModel                          : loaded 2 times (x 70B)
Class com.google.common.util.concurrent.SettableFuture                                : loaded 2 times (x 114B)
Class com.google.common.cache.LocalCache$Strength$2                                   : loaded 2 times (x 81B)
Class org.jetbrains.plugins.gradle.tooling.serialization.GradleExtensionsSerializationService: loaded 2 times (x 77B)
Class org.gradle.tooling.model.Dependency                                             : loaded 2 times (x 70B)
Class com.google.common.cache.LocalCache$Strength$3                                   : loaded 2 times (x 81B)
Class com.google.common.collect.MapDifference                                         : loaded 2 times (x 70B)
Class com.intellij.openapi.externalSystem.model.project.dependencies.ResolutionState  : loaded 2 times (x 79B)
Class kotlin.collections.CollectionsKt__CollectionsKt                                 : loaded 2 times (x 71B)
Class org.objectweb.asm.FieldWriter                                                   : loaded 2 times (x 78B)
Class com.google.common.cache.CacheBuilder$NullListener                               : loaded 2 times (x 82B)
Class jdk.internal.jimage.ImageReader$LinkNode                                        : loaded 2 times (x 84B)
Class org.gradle.internal.classpath.TransformedClassPath                              : loaded 2 times (x 96B)
Class org.gradle.internal.classloader.InstrumentingClassLoader                        : loaded 2 times (x 70B)
Class com.google.common.collect.ImmutableRangeSet$AsSet                               : loaded 2 times (x 300B)
Class com.google.common.cache.CacheLoader$FunctionToCacheLoader                       : loaded 2 times (x 75B)
Class com.google.common.collect.Iterators$ArrayItr                                    : loaded 2 times (x 97B)
Class com.google.common.collect.ImmutableCollection$Builder                           : loaded 2 times (x 76B)
Class jdk.internal.jrtfs.SystemImage$1                                                : loaded 2 times (x 78B)
Class kotlin.enums.EnumEntriesList                                                    : loaded 2 times (x 223B)
Class com.google.common.base.Joiner                                                   : loaded 2 times (x 79B)
Class com.google.common.base.MoreObjects                                              : loaded 2 times (x 71B)
Class jdk.internal.jrtfs.SystemImage$2                                                : loaded 2 times (x 76B)
Class kotlin.collections.CollectionsKt__IteratorsJVMKt                                : loaded 2 times (x 71B)
Class com.google.common.collect.Platform                                              : loaded 2 times (x 71B)
Class [Lorg.objectweb.asm.Type;                                                       : loaded 2 times (x 69B)
Class com.google.common.collect.UnmodifiableIterator                                  : loaded 2 times (x 80B)
Class org.jetbrains.kotlin.idea.gradleTooling.KotlinSourceSetContainer                : loaded 2 times (x 70B)
Class org.jetbrains.plugins.gradle.model.IntelliJSettings                             : loaded 2 times (x 70B)
Class org.gradle.internal.service.ServiceLocator                                      : loaded 2 times (x 70B)
Class com.google.common.collect.HashBiMap$BiEntry                                     : loaded 2 times (x 83B)
Class com.google.common.base.Ascii                                                    : loaded 2 times (x 71B)
Class com.google.common.collect.SingletonImmutableBiMap                               : loaded 2 times (x 143B)
Class com.google.common.cache.LocalCache$1                                            : loaded 2 times (x 89B)
Class com.google.common.collect.Iterators$SingletonIterator                           : loaded 2 times (x 81B)
Class com.google.common.collect.AbstractMapEntry                                      : loaded 2 times (x 81B)
Class Settings_gradle$1$1$1$1                                                         : loaded 2 times (x 74B)
Class jdk.internal.jrtfs.JrtFileSystemProvider                                        : loaded 2 times (x 101B)
Class com.intellij.gradle.toolingExtension.util.GradleVersionUtil                     : loaded 2 times (x 71B)
Class org.gradle.tooling.model.UnsupportedMethodException                             : loaded 2 times (x 82B)
Class com.google.common.collect.Sets$ImprovedAbstractSet                              : loaded 2 times (x 135B)
Class com.google.common.collect.ImmutableList$Builder                                 : loaded 2 times (x 77B)
Class com.google.common.collect.AbstractMultimap                                      : loaded 2 times (x 123B)
Class com.google.common.cache.LocalCache$2                                            : loaded 2 times (x 142B)
Class kotlin.collections.CollectionsKt__MutableCollectionsKt                          : loaded 2 times (x 71B)
Class com.google.common.collect.ImmutableRangeSet$1                                   : loaded 2 times (x 210B)
Class com.google.common.collect.RegularImmutableAsList                                : loaded 2 times (x 217B)
Class org.jetbrains.plugins.gradle.tooling.serialization.AnnotationProcessingModelSerializationService$WriteContext: loaded 2 times (x 72B)
Class org.gradle.internal.impldep.gnu.trove.THash                                     : loaded 2 times (x 81B)
Class com.google.common.collect.Range                                                 : loaded 2 times (x 87B)
Class com.google.common.util.concurrent.AbstractFuture$Trusted                        : loaded 2 times (x 70B)
Class com.google.common.collect.Iterators                                             : loaded 2 times (x 71B)
Class org.jetbrains.plugins.gradle.tooling.serialization.ProjectDependenciesSerializationService$WriteContext: loaded 2 times (x 72B)
Class org.jetbrains.plugins.gradle.tooling.serialization.ProjectDependenciesSerializationService: loaded 2 times (x 77B)
Class org.gradle.tooling.internal.adapter.CollectionMapper                            : loaded 2 times (x 73B)
Class com.google.common.collect.Lists$StringAsImmutableList                           : loaded 2 times (x 207B)
Class com.google.common.util.concurrent.UncheckedExecutionException                   : loaded 2 times (x 82B)
Class org.gradle.kotlin.dsl.VersionCatalogAccessorsKt                                 : loaded 2 times (x 71B)
Class jdk.internal.jimage.ImageLocation                                               : loaded 2 times (x 90B)
Class jdk.internal.jrtfs.JrtDirectoryStream$1                                         : loaded 2 times (x 83B)
Class org.gradle.internal.impldep.gnu.trove.Equality                                  : loaded 2 times (x 70B)
Class com.intellij.gradle.toolingExtension.impl.model.buildScriptClasspathModel.GradleBuildScriptClasspathSerializationService$WriteContext: loaded 2 times (x 72B)
Class org.gradle.tooling.internal.adapter.ProtocolToModelAdapter                      : loaded 2 times (x 80B)
Class org.gradle.internal.InternalTransformer                                         : loaded 2 times (x 70B)
Class com.google.common.collect.AbstractMapBasedMultimap$KeySet$1                     : loaded 2 times (x 82B)
Class org.objectweb.asm.ClassWriter                                                   : loaded 2 times (x 106B)
Class com.google.common.base.CharMatcher$And                                          : loaded 2 times (x 112B)
Class com.google.common.cache.CacheLoader$UnsupportedLoadingOperationException        : loaded 2 times (x 82B)
Class jdk.internal.jimage.ImageBufferCache$1                                          : loaded 2 times (x 83B)
Class org.gradle.internal.impldep.gnu.trove.TObjectCanonicalHashingStrategy           : loaded 2 times (x 80B)
Class org.gradle.internal.time.DefaultTimer                                           : loaded 2 times (x 80B)
Class org.gradle.internal.classloader.ClasspathUtil$1                                 : loaded 2 times (x 76B)
Class com.google.common.base.Objects                                                  : loaded 2 times (x 71B)
Class org.objectweb.asm.FieldVisitor                                                  : loaded 2 times (x 77B)
Class com.google.common.collect.IndexedImmutableSet                                   : loaded 2 times (x 152B)
Class com.google.common.collect.ImmutableMap$1                                        : loaded 2 times (x 81B)
Class com.google.common.collect.BiMap                                                 : loaded 2 times (x 70B)
Class jdk.internal.jimage.ImageBufferCache$2                                          : loaded 2 times (x 91B)
Class org.gradle.api.internal.classpath.DefaultModuleRegistry$DefaultModule           : loaded 2 times (x 86B)
Class com.google.common.primitives.Ints                                               : loaded 2 times (x 71B)
Class com.google.common.collect.AbstractIterator                                      : loaded 2 times (x 82B)
Class com.google.common.collect.ObjectArrays                                          : loaded 2 times (x 71B)
Class com.google.common.collect.Multiset                                              : loaded 2 times (x 70B)
Class com.google.common.collect.ArrayListMultimapGwtSerializationDependencies         : loaded 2 times (x 172B)
Class com.google.common.collect.AbstractIndexedListIterator                           : loaded 2 times (x 96B)
Class com.google.common.math.MathPreconditions                                        : loaded 2 times (x 71B)
Class org.jetbrains.plugins.gradle.model.ExternalTask                                 : loaded 2 times (x 70B)
Class org.gradle.internal.time.DefaultCountdownTimer                                  : loaded 2 times (x 88B)
Class com.google.common.collect.ImmutableMapEntrySet                                  : loaded 2 times (x 152B)
Class org.jetbrains.plugins.gradle.model.GradleTaskModel                              : loaded 2 times (x 70B)
Class org.jetbrains.plugins.gradle.tooling.util.ObjectCollector                       : loaded 2 times (x 72B)
Class org.gradle.tooling.internal.gradle.DefaultBuildIdentifier                       : loaded 2 times (x 79B)
Class kotlin.Function                                                                 : loaded 2 times (x 70B)
Class org.gradle.api.internal.classpath.Module                                        : loaded 2 times (x 70B)
Class com.google.common.cache.Weigher                                                 : loaded 2 times (x 70B)
Class com.intellij.openapi.externalSystem.model.project.IExternalSystemSourceType     : loaded 2 times (x 70B)
Class org.gradle.api.internal.classpath.UnknownModuleException                        : loaded 2 times (x 82B)
Class com.google.common.base.Stopwatch                                                : loaded 2 times (x 72B)
Class com.google.common.cache.LocalCache$Strength                                     : loaded 2 times (x 81B)
Class com.google.common.cache.Cache                                                   : loaded 2 times (x 70B)
Class com.google.gson.stream.JsonReader$1                                             : loaded 2 times (x 72B)
Class jdk.internal.jimage.ImageHeader                                                 : loaded 2 times (x 71B)
Class com.intellij.openapi.externalSystem.model.project.dependencies.ProjectDependencies: loaded 2 times (x 70B)
Class org.jetbrains.plugins.gradle.tooling.serialization.ProjectDependenciesSerializationService$ReadContext: loaded 2 times (x 72B)
Class org.gradle.internal.impldep.gnu.trove.TObjectIdentityHashingStrategy            : loaded 2 times (x 78B)
Class com.google.common.util.concurrent.AbstractFuture$Cancellation                   : loaded 2 times (x 72B)
Class com.google.common.collect.ImmutableMap$Builder                                  : loaded 2 times (x 82B)
Class com.google.common.cache.RemovalListener                                         : loaded 2 times (x 70B)
Class org.jetbrains.plugins.gradle.tooling.serialization.RepositoriesModelSerializationService: loaded 2 times (x 82B)
Class org.gradle.tooling.internal.gradle.GradleProjectIdentity                        : loaded 2 times (x 70B)
Class org.gradle.api.internal.DefaultClassPathRegistry                                : loaded 2 times (x 76B)
Class com.google.common.primitives.IntsMethodsForWeb                                  : loaded 2 times (x 71B)
Class com.google.common.collect.Multimap                                              : loaded 2 times (x 70B)
Class org.jetbrains.plugins.gradle.tooling.serialization.RepositoriesModelSerializationService$ReadContext: loaded 2 times (x 72B)
Class org.gradle.api.internal.ClassPathRegistry                                       : loaded 2 times (x 70B)
Class org.gradle.internal.classpath.DefaultClassPath$ImmutableUniqueList              : loaded 2 times (x 199B)
Class com.google.common.base.ExtraObjectsMethodsForWeb                                : loaded 2 times (x 71B)
Class jdk.internal.jimage.decompressor.ResourceDecompressor                           : loaded 2 times (x 70B)
Class com.intellij.gradle.toolingExtension.impl.model.projectModel.GradleExternalProjectSerializationService$WriteContext: loaded 2 times (x 73B)
Class jdk.internal.jimage.BasicImageReader                                            : loaded 2 times (x 95B)
Class com.google.common.cache.CacheBuilder                                            : loaded 2 times (x 72B)
Class com.google.common.collect.SingletonImmutableList                                : loaded 2 times (x 207B)
Class Settings_gradle$1                                                               : loaded 2 times (x 74B)
Class com.google.common.base.CharMatcher$IsEither                                     : loaded 2 times (x 111B)
Class org.gradle.internal.classpath.ClassPath                                         : loaded 2 times (x 70B)
Class com.google.common.base.JdkPattern                                               : loaded 2 times (x 75B)
Class com.google.common.collect.ImmutableList$ReverseImmutableList                    : loaded 2 times (x 209B)
Class org.jetbrains.plugins.gradle.tooling.serialization.KotlinDslScriptsModelSerializationService: loaded 2 times (x 81B)
Class org.jetbrains.kotlin.cli.common.arguments.Freezable                             : loaded 2 times (x 72B)
Class org.objectweb.asm.SymbolTable$Entry                                             : loaded 2 times (x 74B)
Class com.google.gson.internal.JsonReaderInternalAccess                               : loaded 2 times (x 72B)
Class org.jetbrains.kotlin.idea.gradleTooling.KotlinGradleModel                       : loaded 2 times (x 70B)
Class org.jetbrains.plugins.gradle.tooling.serialization.ExternalTestsSerializationService$WriteContext: loaded 2 times (x 72B)
Class org.objectweb.asm.Edge                                                          : loaded 2 times (x 72B)
Class com.google.common.base.Suppliers$SupplierOfInstance                             : loaded 2 times (x 79B)
Class com.google.common.collect.Iterators$1                                           : loaded 2 times (x 81B)
Class jdk.internal.jimage.ImageStringsReader                                          : loaded 2 times (x 80B)
Class org.gradle.tooling.model.Model                                                  : loaded 2 times (x 70B)
Class com.google.common.cache.LocalCache$ComputingValueReference                      : loaded 2 times (x 96B)
Class com.google.common.collect.SingletonImmutableSet                                 : loaded 2 times (x 146B)
Class com.google.common.collect.ImmutableMap$IteratorBasedImmutableMap                : loaded 2 times (x 126B)
Class kotlin.Metadata                                                                 : loaded 2 times (x 70B)
Class kotlin.UninitializedPropertyAccessException                                     : loaded 2 times (x 82B)
Class com.google.common.cache.LocalCache$Segment                                      : loaded 2 times (x 154B)
Class jdk.internal.jimage.ImageReader                                                 : loaded 2 times (x 75B)
Class org.jetbrains.plugins.gradle.model.IntelliJProjectSettings                      : loaded 2 times (x 70B)
Class org.gradle.tooling.internal.adapter.ProtocolToModelAdapter$MethodInvocationCache: loaded 2 times (x 73B)
Class com.google.common.collect.SortedIterable                                        : loaded 2 times (x 70B)
Class com.google.common.collect.AbstractListMultimap                                  : loaded 2 times (x 172B)
Class [Lorg.objectweb.asm.SymbolTable$Entry;                                          : loaded 2 times (x 69B)
Class org.gradle.internal.classloader.FilteringClassLoader                            : loaded 2 times (x 105B)
Class com.google.common.collect.Iterators$4                                           : loaded 2 times (x 82B)
Class com.google.common.collect.ImmutableBiMap                                        : loaded 2 times (x 143B)
Class jdk.internal.jimage.ImageReader$SharedImageReader                               : loaded 2 times (x 95B)
Class org.jetbrains.plugins.gradle.model.ExternalDependency                           : loaded 2 times (x 70B)
Class com.intellij.util.containers.IntObjectHashMap                                   : loaded 2 times (x 72B)
Class org.gradle.internal.installation.GradleInstallation$1                           : loaded 2 times (x 75B)
Class org.gradle.api.internal.classpath.ModuleRegistry                                : loaded 2 times (x 70B)
Class com.google.common.util.concurrent.internal.InternalFutureFailureAccess          : loaded 2 times (x 72B)
Class com.google.common.collect.Iterators$5                                           : loaded 2 times (x 82B)
Class com.google.common.collect.ImmutableSet$JdkBackedSetBuilderImpl                  : loaded 2 times (x 76B)
Class jdk.internal.jimage.decompressor.ResourceDecompressorFactory                    : loaded 2 times (x 74B)
Class org.jetbrains.plugins.gradle.model.VersionCatalogsModel                         : loaded 2 times (x 70B)
Class com.intellij.gradle.toolingExtension.impl.model.sourceSetDependencyModel.GradleSourceSetDependencySerialisationService$SourceSetDependencyModelReadContext: loaded 2 times (x 72B)
Class com.intellij.gradle.toolingExtension.impl.model.dependencyModel.DependencyReadContext: loaded 2 times (x 72B)
Class org.gradle.tooling.internal.adapter.ObjectGraphAdapter                          : loaded 2 times (x 70B)
Class com.google.common.collect.HashBiMap$Inverse                                     : loaded 2 times (x 142B)
Class com.google.common.base.CharMatcher$ForPredicate                                 : loaded 2 times (x 112B)
Class com.google.common.cache.LocalCache$LocalManualCache$1                           : loaded 2 times (x 75B)
Class org.jetbrains.plugins.gradle.model.ExternalSourceSet                            : loaded 2 times (x 70B)
Class com.intellij.gradle.toolingExtension.impl.model.warmUp.GradleTaskWarmUpRequest  : loaded 2 times (x 70B)
Class com.google.common.base.CharMatcher$AnyOf                                        : loaded 2 times (x 112B)
Class com.google.common.collect.ImmutableCollection                                   : loaded 2 times (x 125B)
Class jdk.internal.jimage.ImageReader$Node                                            : loaded 2 times (x 84B)
Class com.intellij.gradle.toolingExtension.impl.model.sourceSetArtifactIndex.GradleSourceSetArtifactBuildRequest: loaded 2 times (x 70B)
Class kotlin.collections.CollectionsKt__CollectionsJVMKt                              : loaded 2 times (x 71B)
Class org.gradle.api.internal.classpath.DefaultModuleRegistry                         : loaded 2 times (x 86B)
Class com.google.common.collect.Lists                                                 : loaded 2 times (x 71B)
Class com.google.common.util.concurrent.ListenableFuture                              : loaded 2 times (x 70B)
Class com.google.common.cache.ReferenceEntry                                          : loaded 2 times (x 70B)
Class com.google.common.base.Converter                                                : loaded 2 times (x 90B)
Class com.google.common.collect.ImmutableSet$CachingAsList                            : loaded 2 times (x 148B)
Class jdk.internal.jimage.BasicImageReader$1                                          : loaded 2 times (x 77B)
Class org.jetbrains.plugins.gradle.tooling.serialization.internal.IdeaProjectSerializationService$WriteContext$1: loaded 2 times (x 83B)
Class org.jetbrains.plugins.gradle.model.ExternalProject                              : loaded 2 times (x 70B)
Class kotlin.collections.CollectionsKt__IteratorsKt                                   : loaded 2 times (x 71B)
Class com.google.common.collect.AbstractMapBasedMultimap                              : loaded 2 times (x 139B)
Class com.google.common.util.concurrent.AbstractFuture                                : loaded 2 times (x 106B)
Class com.google.common.base.FunctionalEquivalence                                    : loaded 2 times (x 83B)
Class com.google.common.collect.Iterators$9                                           : loaded 2 times (x 81B)
Class com.google.common.collect.ImmutableAsList                                       : loaded 2 times (x 209B)
Class org.jetbrains.plugins.gradle.tooling.serialization.internal.IdeaProjectSerializationService$WriteContext$2: loaded 2 times (x 83B)
Class org.objectweb.asm.RecordComponentVisitor                                        : loaded 2 times (x 77B)
Class com.google.common.cache.CacheLoader$SupplierToCacheLoader                       : loaded 2 times (x 75B)
Class org.jetbrains.plugins.gradle.tooling.serialization.AnnotationProcessingModelSerializationService$ReadContext: loaded 2 times (x 72B)
Class org.jetbrains.plugins.gradle.tooling.serialization.internal.IdeaProjectSerializationService$WriteContext$3: loaded 2 times (x 83B)
Class org.gradle.util.internal.DefaultGradleVersion$Stage                             : loaded 2 times (x 75B)
Class com.google.common.collect.Maps$EntryTransformer                                 : loaded 2 times (x 70B)
Class jdk.internal.jimage.decompressor.Decompressor                                   : loaded 2 times (x 72B)
Class jdk.internal.jimage.ImageReader$Resource                                        : loaded 2 times (x 84B)
Class org.jetbrains.plugins.gradle.tooling.serialization.internal.IdeaProjectSerializationService$WriteContext$4: loaded 2 times (x 83B)
Class com.intellij.gradle.toolingExtension.impl.model.sourceSetDependencyModel.GradleSourceSetDependencySerialisationService$Companion: loaded 2 times (x 71B)
Class ijInit1_50owuuqmyibzsmifx63b2dof4                                               : loaded 2 times (x 179B)
Class org.gradle.internal.time.MonotonicClock                                         : loaded 2 times (x 77B)
Class org.gradle.internal.service.ServiceLookupException                              : loaded 2 times (x 82B)
Class com.google.common.collect.ImmutableSortedSet                                    : loaded 2 times (x 300B)
Class [Lcom.google.common.cache.LocalCache$EntryFactory;                              : loaded 2 times (x 69B)
Class jdk.internal.jrtfs.JrtFileAttributes                                            : loaded 2 times (x 83B)
Class org.jetbrains.plugins.gradle.tooling.serialization.internal.IdeaProjectSerializationService$WriteContext$5: loaded 2 times (x 83B)
Class com.intellij.gradle.toolingExtension.impl.model.sourceSetDependencyModel.GradleSourceSetDependencySerialisationService$SourceSetDependencyModelWriteContext: loaded 2 times (x 72B)
Class org.gradle.internal.classloader.ClassLoaderFactory                              : loaded 2 times (x 70B)
Class com.google.common.base.CommonPattern                                            : loaded 2 times (x 74B)
Class com.google.common.base.CharMatcher$IsNot                                        : loaded 2 times (x 111B)
Class com.google.common.cache.LocalCache$LocalManualCache                             : loaded 2 times (x 99B)
Class org.jetbrains.plugins.gradle.tooling.serialization.internal.IdeaProjectSerializationService$WriteContext$6: loaded 2 times (x 83B)
Class org.jetbrains.plugins.gradle.tooling.util.IntObjectMap                          : loaded 2 times (x 73B)
Class org.gradle.internal.service.CachingServiceLocator                               : loaded 2 times (x 82B)
Class com.google.common.collect.AbstractMapBasedMultimap$KeySet                       : loaded 2 times (x 137B)
Class com.google.common.collect.RegularImmutableSortedSet                             : loaded 2 times (x 300B)
Class com.google.common.math.IntMath                                                  : loaded 2 times (x 71B)
Class org.jetbrains.plugins.gradle.model.RepositoryModels                             : loaded 2 times (x 70B)
Class org.jetbrains.plugins.gradle.tooling.serialization.internal.IdeaProjectSerializationService$WriteContext$7: loaded 2 times (x 83B)
Class [Lcom.google.common.collect.HashBiMap$BiEntry;                                  : loaded 2 times (x 69B)
Class org.objectweb.asm.commons.InstructionAdapter                                    : loaded 2 times (x 188B)
Class com.google.common.collect.ImmutableMapEntry                                     : loaded 2 times (x 85B)
Class org.jetbrains.plugins.gradle.tooling.serialization.internal.IdeaProjectSerializationService$WriteContext$8: loaded 2 times (x 83B)
Class org.gradle.internal.time.TimeSource                                             : loaded 2 times (x 70B)
Class org.gradle.tooling.model.kotlin.dsl.KotlinDslScriptsModel                       : loaded 2 times (x 70B)
Class com.google.common.base.Equivalence                                              : loaded 2 times (x 82B)
Class com.google.common.base.Function                                                 : loaded 2 times (x 70B)
Class com.google.common.collect.ImmutableMapEntry$NonTerminalImmutableMapEntry        : loaded 2 times (x 85B)
Class org.jetbrains.plugins.gradle.tooling.serialization.SerializationService         : loaded 2 times (x 70B)
Class org.gradle.tooling.internal.gradle.GradleBuildIdentity                          : loaded 2 times (x 70B)
Class kotlin.enums.EnumEntries                                                        : loaded 2 times (x 70B)
Class com.google.common.collect.IndexedImmutableSet$1                                 : loaded 2 times (x 213B)
Class com.google.common.cache.CacheBuilder$OneWeigher                                 : loaded 2 times (x 82B)
Class com.google.common.collect.RegularImmutableList                                  : loaded 2 times (x 213B)
Class org.jetbrains.plugins.gradle.tooling.serialization.internal.adapter.Supplier    : loaded 2 times (x 70B)
Class org.gradle.internal.exceptions.ResolutionProvider                               : loaded 2 times (x 70B)
Class jdk.internal.jimage.ImageBufferCache                                            : loaded 2 times (x 71B)
Class jdk.internal.jrtfs.JrtPath                                                      : loaded 2 times (x 118B)
Class org.gradle.tooling.model.ProjectIdentifier                                      : loaded 2 times (x 70B)
Class org.gradle.internal.classloader.ClasspathUtil                                   : loaded 2 times (x 71B)
Class com.google.common.util.concurrent.Uninterruptibles                              : loaded 2 times (x 71B)
Class org.jetbrains.kotlin.tooling.core.HasExtras                                     : loaded 2 times (x 70B)
Class com.intellij.gradle.toolingExtension.impl.model.sourceSetModel.GradleSourceSetSerialisationService: loaded 2 times (x 77B)
Class com.google.common.util.concurrent.LazyLogger                                    : loaded 2 times (x 72B)
Class com.google.common.collect.Maps                                                  : loaded 2 times (x 71B)
Class org.gradle.internal.time.TimeSource$1                                           : loaded 2 times (x 77B)
Class kotlin.jvm.internal.DefaultConstructorMarker                                    : loaded 2 times (x 71B)
Class org.gradle.api.specs.Spec                                                       : loaded 2 times (x 70B)
Class [Lcom.google.common.collect.ImmutableEntry;                                     : loaded 2 times (x 69B)
Class jdk.internal.jimage.ImageReader$SharedImageReader$LocationVisitor               : loaded 2 times (x 70B)
Class com.google.common.cache.LocalCache$LoadingValueReference                        : loaded 2 times (x 96B)
Class com.intellij.gradle.toolingExtension.impl.model.buildScriptClasspathModel.GradleBuildScriptClasspathSerializationService: loaded 2 times (x 77B)
Class kotlin.NotImplementedError                                                      : loaded 2 times (x 82B)
Class com.google.common.base.Platform                                                 : loaded 2 times (x 71B)
Class jdk.internal.jimage.decompressor.ResourceDecompressorRepository                 : loaded 2 times (x 71B)
Class org.jetbrains.plugins.gradle.model.FileCollectionDependency                     : loaded 2 times (x 70B)
Class org.gradle.internal.impldep.gnu.trove.TObjectHashingStrategy                    : loaded 2 times (x 70B)
Class com.intellij.gradle.toolingExtension.impl.model.utilDummyModel.DummyModel       : loaded 2 times (x 70B)
Class org.gradle.internal.time.Clock                                                  : loaded 2 times (x 70B)
Class [Lorg.objectweb.asm.AnnotationWriter;                                           : loaded 2 times (x 69B)
Class com.google.common.collect.Maps$8                                                : loaded 2 times (x 82B)
Class jdk.internal.jimage.ImageReader$Directory                                       : loaded 2 times (x 84B)
Class org.jetbrains.plugins.gradle.model.GradleSourceSetDependencyModel               : loaded 2 times (x 70B)
Class org.gradle.tooling.internal.adapter.TypeInspector                               : loaded 2 times (x 73B)
Class org.gradle.tooling.internal.adapter.ProtocolToModelAdapter$NoOpDecoration       : loaded 2 times (x 79B)
Class org.gradle.tooling.model.Element                                                : loaded 2 times (x 70B)
Class kotlin.collections.AbstractList                                                 : loaded 2 times (x 197B)
Class kotlin.collections.AbstractCollection                                           : loaded 2 times (x 117B)
Class com.google.common.collect.ImmutableRangeSet$Builder                             : loaded 2 times (x 77B)
Class com.google.common.collect.Sets$SetView                                          : loaded 2 times (x 138B)
Class com.google.common.cache.LocalCache$StrongValueReference                         : loaded 2 times (x 90B)
Class org.jetbrains.kotlin.tooling.core.Extras                                        : loaded 2 times (x 70B)
Class com.intellij.gradle.toolingExtension.impl.model.taskModel.GradleTaskSerialisationService: loaded 2 times (x 76B)
Class [Lcom.google.gson.stream.JsonToken;                                             : loaded 2 times (x 69B)
Class org.objectweb.asm.Type                                                          : loaded 2 times (x 72B)
Class org.jetbrains.plugins.gradle.tooling.util.IntObjectMap$1                        : loaded 2 times (x 77B)
Class org.gradle.internal.impldep.com.google.common.base.Preconditions                : loaded 2 times (x 71B)
Class org.gradle.internal.classloader.VisitableURLClassLoader$InstrumentingVisitableURLClassLoader: loaded 2 times (x 123B)
Class org.objectweb.asm.ByteVector                                                    : loaded 2 times (x 79B)
Class [Lcom.google.common.cache.CacheBuilder$NullListener;                            : loaded 2 times (x 69B)
Class com.google.common.math.IntMath$1                                                : loaded 2 times (x 71B)
Class org.gradle.internal.classloader.VisitableURLClassLoader$Spec                    : loaded 2 times (x 74B)
Class org.gradle.internal.classpath.DefaultClassPath                                  : loaded 2 times (x 90B)
Class org.objectweb.asm.Symbol                                                        : loaded 2 times (x 73B)
Class jdk.internal.jimage.decompressor.ZipDecompressorFactory                         : loaded 2 times (x 74B)
Class org.jetbrains.plugins.gradle.model.GradleBuildScriptClasspathModel              : loaded 2 times (x 70B)
Class org.gradle.util.internal.DefaultGradleVersion                                   : loaded 2 times (x 80B)
Class com.google.common.base.CharMatcher$BitSetMatcher                                : loaded 2 times (x 112B)
Class com.google.common.collect.RegularImmutableMap$Values                            : loaded 2 times (x 207B)
Class com.google.common.collect.ImmutableSet                                          : loaded 2 times (x 145B)
Class org.gradle.internal.classloader.ClassLoaderSpec                                 : loaded 2 times (x 71B)
Class org.objectweb.asm.AnnotationWriter                                              : loaded 2 times (x 79B)
Class com.google.common.cache.CacheStats                                              : loaded 2 times (x 71B)
Class kotlin.collections.CollectionsKt___CollectionsJvmKt                             : loaded 2 times (x 71B)
Class org.objectweb.asm.RecordComponentWriter                                         : loaded 2 times (x 78B)
Class com.google.common.util.concurrent.AbstractFuture$Listener                       : loaded 2 times (x 72B)
Class com.google.common.base.CharMatcher$Or                                           : loaded 2 times (x 112B)
Class Settings_gradle$1$1                                                             : loaded 2 times (x 74B)
Class kotlin.Unit                                                                     : loaded 2 times (x 71B)
Class org.objectweb.asm.Attribute                                                     : loaded 2 times (x 77B)
Class com.google.common.base.Supplier                                                 : loaded 2 times (x 70B)
Class org.gradle.internal.classloader.VisitableURLClassLoader                         : loaded 2 times (x 117B)
Class Settings_gradle                                                                 : loaded 2 times (x 128B)
Class org.jetbrains.plugins.gradle.tooling.serialization.ExternalTestsSerializationService$ReadContext: loaded 2 times (x 72B)
Class sync_studio_tooling_7vhs45xw5z0py65x54uox8g6d                                   : loaded 2 times (x 179B)
Class org.jetbrains.plugins.gradle.tooling.serialization.internal.IdeaProjectSerializationService$ReadContext: loaded 2 times (x 72B)
Class com.google.common.collect.RegularImmutableMap$KeySet                            : loaded 2 times (x 152B)
Class org.gradle.tooling.model.idea.IdeaDependency                                    : loaded 2 times (x 70B)
Class com.google.common.collect.HashBiMap                                             : loaded 2 times (x 143B)
Class com.google.common.base.Strings                                                  : loaded 2 times (x 71B)
Class com.google.common.collect.Sets                                                  : loaded 2 times (x 71B)
Class org.objectweb.asm.Handler                                                       : loaded 2 times (x 72B)
Class com.google.common.base.CharMatcher$FastMatcher                                  : loaded 2 times (x 111B)
Class com.google.common.base.Ticker                                                   : loaded 2 times (x 72B)
Class jdk.internal.jimage.decompressor.ZipDecompressor                                : loaded 2 times (x 75B)
Class kotlin.jvm.functions.Function1                                                  : loaded 2 times (x 70B)
Class [Lcom.google.common.cache.LocalCache$Segment;                                   : loaded 2 times (x 69B)
Class com.google.common.base.Predicate                                                : loaded 2 times (x 70B)
Class [Lcom.google.common.cache.LocalCache$Strength;                                  : loaded 2 times (x 69B)
Class com.google.common.cache.CacheBuilder$1                                          : loaded 2 times (x 85B)
Class com.google.common.collect.ImmutableMap                                          : loaded 2 times (x 120B)
Class org.jetbrains.plugins.gradle.tooling.serialization.internal.IdeaProjectSerializationService$WriteContext: loaded 2 times (x 72B)
Class com.intellij.gradle.toolingExtension.impl.model.sourceSetDependencyModel.GradleSourceSetDependencySerialisationService: loaded 2 times (x 77B)
Class org.jetbrains.plugins.gradle.model.GradleSourceSetModel                         : loaded 2 times (x 70B)
Class org.gradle.internal.classpath.DefaultClassPath$ImmutableUniqueList$Builder      : loaded 2 times (x 75B)
Class com.google.gson.stream.JsonToken                                                : loaded 2 times (x 79B)
Class com.google.common.collect.AbstractRangeSet                                      : loaded 2 times (x 114B)
Class com.google.common.base.CharMatcher$NegatedFastMatcher                           : loaded 2 times (x 113B)
Class com.google.common.cache.LocalCache                                              : loaded 2 times (x 187B)
Class com.google.common.cache.CacheBuilder$2                                          : loaded 2 times (x 79B)
Class com.google.common.collect.ArrayListMultimap                                     : loaded 2 times (x 172B)
Class com.google.common.cache.CacheBuilder$3                                          : loaded 2 times (x 72B)
Class [Lcom.google.common.collect.AbstractMapEntry;                                   : loaded 2 times (x 69B)
Class com.google.common.collect.ImmutableEntry                                        : loaded 2 times (x 82B)
Class org.jetbrains.plugins.gradle.tooling.util.ObjectCollector$Processor             : loaded 2 times (x 70B)
Class kotlin.collections.CollectionsKt___CollectionsKt                                : loaded 2 times (x 71B)
Class kotlin.annotation.Target                                                        : loaded 2 times (x 70B)
Class com.google.common.base.Equivalence$Identity                                     : loaded 2 times (x 82B)
Class org.gradle.internal.exceptions.NonGradleCauseExceptionsHolder                   : loaded 2 times (x 70B)
Class org.gradle.tooling.model.idea.IdeaModuleDependency                              : loaded 2 times (x 70B)
Class org.gradle.tooling.internal.adapter.ViewBuilder                                 : loaded 2 times (x 70B)
Class com.google.common.collect.CollectPreconditions                                  : loaded 2 times (x 71B)
Class jdk.internal.jimage.ImageStrings                                                : loaded 2 times (x 70B)
Class org.jetbrains.plugins.gradle.model.AnnotationProcessingConfig                   : loaded 2 times (x 70B)
Class kotlin.annotation.Retention                                                     : loaded 2 times (x 70B)
Class com.google.common.collect.SortedMapDifference                                   : loaded 2 times (x 70B)
Class org.jetbrains.plugins.gradle.tooling.ModelBuilderService$Parameter              : loaded 2 times (x 70B)
Class org.jetbrains.kotlin.cli.common.arguments.CommonCompilerArguments               : loaded 2 times (x 75B)
Class com.google.common.cache.LocalCache$WriteThroughEntry                            : loaded 2 times (x 79B)
Class com.google.common.cache.LocalCache$HashIterator                                 : loaded 2 times (x 86B)
Class com.google.common.cache.LocalCache$EntryFactory                                 : loaded 2 times (x 83B)
Class org.gradle.internal.impldep.gnu.trove.TObjectIntProcedure                       : loaded 2 times (x 70B)
Class org.gradle.tooling.internal.adapter.ProtocolToModelAdapter$ReflectionMethodInvoker: loaded 2 times (x 76B)
Class com.google.common.cache.LocalCache$AbstractReferenceEntry                       : loaded 2 times (x 107B)
Class org.jetbrains.kotlin.tooling.core.HasMutableExtras                              : loaded 2 times (x 70B)
Class kotlin.collections.CollectionsKt__MutableCollectionsJVMKt                       : loaded 2 times (x 71B)
Class com.google.common.cache.CacheLoader                                             : loaded 2 times (x 74B)
Class kotlin.enums.EnumEntriesKt                                                      : loaded 2 times (x 71B)
Class com.google.common.collect.ImmutableRangeSet$ComplementRanges                    : loaded 2 times (x 207B)
Class org.objectweb.asm.SymbolTable                                                   : loaded 2 times (x 72B)
Class com.google.common.cache.CacheLoader$InvalidCacheLoadException                   : loaded 2 times (x 82B)
Class com.google.common.collect.ImmutableSet$RegularSetBuilderImpl                    : loaded 2 times (x 77B)
Class com.intellij.gradle.toolingExtension.model.repositoryModel.ProjectRepositoriesModel: loaded 2 times (x 70B)
Class org.jetbrains.plugins.gradle.model.GradleProperty                               : loaded 2 times (x 70B)
Class org.gradle.internal.classloader.SystemClassLoaderSpec                           : loaded 2 times (x 71B)
Class com.google.common.cache.LocalCache$StrongEntry                                  : loaded 2 times (x 108B)
Class com.google.common.util.concurrent.AbstractFuture$TrustedFuture                  : loaded 2 times (x 114B)
Class com.google.common.cache.LoadingCache                                            : loaded 2 times (x 70B)
Class org.gradle.internal.exceptions.MultiCauseException                              : loaded 2 times (x 70B)
Class org.gradle.internal.time.CountdownTimer                                         : loaded 2 times (x 70B)
Class kotlin.jvm.internal.Intrinsics                                                  : loaded 2 times (x 71B)
Class org.objectweb.asm.MethodWriter                                                  : loaded 2 times (x 106B)
Class [Lcom.google.common.cache.Weigher;                                              : loaded 2 times (x 69B)
Class com.google.common.collect.RegularImmutableMap$BucketOverflowException           : loaded 2 times (x 82B)
Class jdk.internal.jrtfs.JrtFileSystem                                                : loaded 2 times (x 102B)
Class com.intellij.gradle.toolingExtension.impl.model.projectModel.GradleExternalProjectSerializationService$ReadContext: loaded 2 times (x 73B)
Class com.intellij.gradle.toolingExtension.impl.model.dependencyModel.DependencyWriteContext: loaded 2 times (x 72B)
Class kotlin.collections.CollectionsKt__IterablesKt                                   : loaded 2 times (x 71B)
Class org.gradle.tooling.model.ProjectModel                                           : loaded 2 times (x 70B)
Class jdk.internal.jimage.decompressor.CompressedResourceHeader                       : loaded 2 times (x 71B)
Class kotlin.KotlinNullPointerException                                               : loaded 2 times (x 83B)
Class com.google.common.collect.RegularImmutableBiMap                                 : loaded 2 times (x 149B)
Class com.google.common.base.CharMatcher$Negated                                      : loaded 2 times (x 113B)
Class com.google.common.base.CharMatcher$Is                                           : loaded 2 times (x 111B)
Class com.google.common.cache.LocalCache$ValueReference                               : loaded 2 times (x 70B)
Class org.jetbrains.plugins.gradle.model.tests.ExternalTestsModel                     : loaded 2 times (x 70B)
Class org.gradle.internal.exceptions.DefaultMultiCauseException                       : loaded 2 times (x 95B)
Class org.jetbrains.kotlin.cli.common.arguments.CommonToolArguments                   : loaded 2 times (x 73B)
Class com.google.common.base.PatternCompiler                                          : loaded 2 times (x 70B)
Class com.google.common.util.concurrent.AbstractFuture$Failure                        : loaded 2 times (x 72B)
Class com.google.common.base.Equivalence$Equals                                       : loaded 2 times (x 82B)
Class com.google.common.collect.Hashing                                               : loaded 2 times (x 71B)
Class com.google.common.base.Preconditions                                            : loaded 2 times (x 71B)
Class com.intellij.gradle.toolingExtension.impl.model.projectModel.GradleExternalProjectSerializationService: loaded 2 times (x 77B)
Class org.gradle.tooling.model.HierarchicalElement                                    : loaded 2 times (x 70B)
Class com.google.common.base.Joiner$1                                                 : loaded 2 times (x 80B)
Class org.objectweb.asm.Label                                                         : loaded 2 times (x 73B)
Class org.objectweb.asm.CurrentFrame                                                  : loaded 2 times (x 73B)
Class org.objectweb.asm.ClassTooLargeException                                        : loaded 2 times (x 83B)
Class com.google.common.base.CharMatcher                                              : loaded 2 times (x 111B)
Class com.google.gson.stream.JsonReader                                               : loaded 2 times (x 97B)
Class com.google.common.collect.PeekingIterator                                       : loaded 2 times (x 70B)
Class org.jetbrains.plugins.gradle.tooling.serialization.ExternalTestsSerializationService: loaded 2 times (x 77B)
Class org.gradle.internal.time.Time                                                   : loaded 2 times (x 71B)
Class com.google.common.collect.Maps$IteratorBasedAbstractMap                         : loaded 2 times (x 125B)
Class com.google.common.collect.RangeGwtSerializationDependencies                     : loaded 2 times (x 71B)
Class com.google.common.base.Joiner$2                                                 : loaded 2 times (x 79B)
Class org.objectweb.asm.Frame                                                         : loaded 2 times (x 73B)
Class org.objectweb.asm.MethodVisitor                                                 : loaded 2 times (x 105B)
Class com.google.common.base.CharMatcher$NamedFastMatcher                             : loaded 2 times (x 112B)
Class com.google.common.base.CharMatcher$1                                            : loaded 2 times (x 113B)
Class com.google.common.cache.LocalCache$EntryFactory$1                               : loaded 2 times (x 83B)
Class [Lcom.google.common.cache.RemovalListener;                                      : loaded 2 times (x 69B)
Class org.jetbrains.plugins.gradle.tooling.serialization.AnnotationProcessingModelSerializationService: loaded 2 times (x 77B)
Class com.google.common.collect.RangeSet                                              : loaded 2 times (x 70B)
Class com.google.common.cache.LocalCache$EntryFactory$2                               : loaded 2 times (x 83B)
Class org.jetbrains.plugins.gradle.model.DependencyAccessorsModel                     : loaded 2 times (x 70B)
Class [Lcom.intellij.openapi.externalSystem.model.project.dependencies.ResolutionState;: loaded 2 times (x 69B)
Class org.gradle.internal.impldep.gnu.trove.TObjectHash                               : loaded 2 times (x 94B)
Class org.gradle.api.internal.classpath.GlobalCacheRootsProvider                      : loaded 2 times (x 70B)
Class com.google.common.collect.CollectCollectors                                     : loaded 2 times (x 71B)
Class org.objectweb.asm.ModuleWriter                                                  : loaded 2 times (x 82B)
Class com.google.common.cache.LocalCache$EntryFactory$3                               : loaded 2 times (x 83B)
Class com.google.common.base.Ticker$1                                                 : loaded 2 times (x 72B)
Class com.google.common.collect.Maps$BiMapConverter                                   : loaded 2 times (x 90B)
Class com.google.common.collect.ImmutableMapEntrySet$RegularEntrySet                  : loaded 2 times (x 152B)
Class org.jetbrains.kotlin.idea.gradleTooling.KotlinMPPGradleModel                    : loaded 2 times (x 70B)
Class com.intellij.gradle.toolingExtension.impl.model.dependencyDownloadPolicyModel.GradleDependencyDownloadPolicy: loaded 2 times (x 70B)
Class org.gradle.tooling.model.BuildIdentifier                                        : loaded 2 times (x 70B)
Class com.google.common.base.CharMatcher$InRange                                      : loaded 2 times (x 111B)
Class com.google.common.cache.LocalCache$EntryFactory$4                               : loaded 2 times (x 83B)
Class com.google.common.collect.ImmutableSet$Builder                                  : loaded 2 times (x 85B)
Class Settings_gradle$1$1$1                                                           : loaded 2 times (x 74B)
Class org.jetbrains.kotlin.idea.gradleTooling.PrepareKotlinIdeImportTaskModel         : loaded 2 times (x 70B)
Class com.google.common.cache.LocalCache$EntryFactory$5                               : loaded 2 times (x 83B)
Class com.google.common.base.PairwiseEquivalence                                      : loaded 2 times (x 83B)
Class com.google.common.cache.LocalCache$EntryFactory$6                               : loaded 2 times (x 83B)
Class org.gradle.internal.time.Timer                                                  : loaded 2 times (x 70B)
Class kotlin.jvm.internal.markers.KMappedMarker                                       : loaded 2 times (x 70B)
Class org.gradle.internal.installation.CurrentGradleInstallationLocator               : loaded 2 times (x 71B)
Class com.google.common.collect.Maps$KeySet                                           : loaded 2 times (x 137B)
Class com.google.common.cache.LocalCache$EntryFactory$7                               : loaded 2 times (x 83B)
Class com.google.common.collect.ImmutableSet$EmptySetBuilderImpl                      : loaded 2 times (x 76B)
Class com.google.common.collect.ImmutableList                                         : loaded 2 times (x 206B)
Class org.gradle.tooling.model.idea.IdeaProject                                       : loaded 2 times (x 70B)
Class org.gradle.tooling.model.DomainObjectSet                                        : loaded 2 times (x 70B)
Class org.gradle.internal.service.DefaultServiceLocator                               : loaded 2 times (x 83B)
Class com.google.common.cache.LocalCache$EntryFactory$8                               : loaded 2 times (x 83B)
Class com.google.common.collect.ImmutableSet$SetBuilderImpl                           : loaded 2 times (x 76B)
Class org.jetbrains.kotlin.util.capitalizeDecapitalize.CapitalizeDecapitalizeKt       : loaded 2 times (x 71B)
Class jdk.internal.jrtfs.JrtDirectoryStream                                           : loaded 2 times (x 89B)
Class org.gradle.util.GradleVersion                                                   : loaded 2 times (x 79B)
Class org.gradle.internal.installation.CurrentGradleInstallation                      : loaded 2 times (x 73B)
Class com.google.common.cache.CacheLoader$1                                           : loaded 2 times (x 75B)
Class com.google.common.collect.ImmutableList$SubList                                 : loaded 2 times (x 209B)
Class org.jetbrains.plugins.gradle.javaModel.JavaGradleManifestModel                  : loaded 2 times (x 70B)
Class org.jetbrains.plugins.gradle.tooling.serialization.GradleExtensionsSerializationService$WriteContext: loaded 2 times (x 72B)
Class com.intellij.gradle.toolingExtension.impl.model.taskModel.GradleTaskSerialisationService$Companion: loaded 2 times (x 71B)
Class org.gradle.util.internal.GUtil                                                  : loaded 2 times (x 71B)
Class com.google.common.cache.AbstractCache$StatsCounter                              : loaded 2 times (x 70B)
Class com.intellij.gradle.toolingExtension.impl.model.utilTurnOffDefaultTasksModel.TurnOffDefaultTasks: loaded 2 times (x 70B)
Class com.intellij.gradle.toolingExtension.impl.model.sourceSetModel.GradleSourceSetSerialisationService$SourceSetModelReadContext: loaded 2 times (x 72B)
Class kotlin.collections.CollectionsKt                                                : loaded 2 times (x 71B)
Class com.google.common.collect.Iterators$MergingIterator                             : loaded 2 times (x 81B)
Class com.google.common.collect.RegularImmutableSet                                   : loaded 2 times (x 149B)
Class com.intellij.gradle.toolingExtension.impl.model.sourceSetModel.GradleSourceSetSerialisationService$SourceSetModelWriteContext: loaded 2 times (x 72B)
Class org.gradle.tooling.internal.adapter.ProtocolToModelAdapter$1                    : loaded 2 times (x 75B)
Class org.gradle.tooling.internal.adapter.ProtocolToModelAdapter$ViewDecoration       : loaded 2 times (x 70B)
Class org.gradle.internal.installation.GradleInstallation                             : loaded 2 times (x 75B)
Class com.google.common.collect.Iterables                                             : loaded 2 times (x 71B)
Class jdk.internal.jimage.decompressor.ResourceDecompressor$StringsProvider           : loaded 2 times (x 70B)
Class org.jetbrains.plugins.gradle.tooling.serialization.GradleExtensionsSerializationService$ReadContext: loaded 2 times (x 72B)
Class org.gradle.tooling.internal.adapter.MethodInvoker                               : loaded 2 times (x 70B)
Class org.jetbrains.plugins.gradle.tooling.serialization.RepositoriesModelSerializationService$WriteContext: loaded 2 times (x 72B)

---------------  S Y S T E M  ---------------

OS:
 Windows 11 , 64 bit Build 26100 (10.0.26100.7019)
OS uptime: 18 days 8:56 hours
Hyper-V role detected

CPU: total 12 (initial active 12) (6 cores per cpu, 2 threads per core) family 6 model 158 stepping 10 microcode 0xde, cx8, cmov, fxsr, ht, mmx, 3dnowpref, sse, sse2, sse3, ssse3, sse4.1, sse4.2, popcnt, lzcnt, tsc, tscinvbit, avx, avx2, aes, erms, clmul, bmi1, bmi2, adx, fma, vzeroupper, clflush, clflushopt, hv, rdtscp, f16c
Processor Information for the first 12 processors :
  Max Mhz: 2592, Current Mhz: 2592, Mhz Limit: 2592

Memory: 4k page, system-wide physical 16213M (1841M free)
TotalPageFile size 28148M (AvailPageFile size 2M)
current process WorkingSet (physical memory assigned to process): 1403M, peak: 1404M
current process commit charge ("private bytes"): 1431M, peak: 1433M

vm_info: OpenJDK 64-Bit Server VM (21.0.8+-14196175-b1038.72) for windows-amd64 JRE (21.0.8+-14196175-b1038.72), built on 2025-10-01T10:24:33Z by "builder" with MS VC++ 16.10 / 16.11 (VS2019)

END.
